invoice_no,customer_id,gender,age,category,quantity,price,payment_method,invoice_date,shopping_mall
I222965,C120394,Female,41,Clothing,1,300.08,Cash,3/2/2023,Kanyon
I164837,C232282,Male,30,Cosmetics,4,162.64,Debit Card,15/11/2021,Mall of Istanbul
I208735,C480298,Female,34,Clothing,5,1500.4,Cash,9/5/2021,Emaar Square Mall
I780318,C735749,Male,66,Clothing,5,1500.4,Debit Card,28/07/2021,Metropol AVM
I141917,C203776,Male,60,Toys,4,143.36,Credit Card,12/8/2021,Kanyon
I139638,C613209,Male,36,Books,3,45.45,Credit Card,28/05/2021,Forum Istanbul
I130264,C819215,Male,64,Technology,5,5250,Credit Card,29/04/2022,Viaport Outlet
I308428,C303319,Female,46,Cosmetics,4,162.64,Credit Card,21/01/2021,Mall of Istanbul
I106991,C158579,Male,67,Technology,2,2100,Cash,18/01/2022,Metrocity
I255051,C338755,Female,67,Food & Beverage,5,26.15,Cash,22/11/2022,Mall of Istanbul
I230391,C263474,Female,52,Food & Beverage,1,5.23,Credit Card,25/11/2021,Metropol AVM
I136377,C119748,Female,23,Food & Beverage,5,26.15,Credit Card,25/01/2022,Kanyon
I277491,C172677,Female,50,Toys,1,35.84,Cash,3/5/2021,Forum Istanbul
I336266,C639739,Male,68,Books,4,60.6,Cash,6/6/2021,Zorlu Center
I200955,C704201,Female,28,Clothing,4,1200.32,Credit Card,28/03/2021,Mall of Istanbul
I205990,C131716,Male,51,Cosmetics,1,40.66,Cash,6/1/2023,Kanyon
I164611,C144618,Female,68,Clothing,1,300.08,Debit Card,28/06/2022,Metropol AVM
I291031,C318866,Male,43,Clothing,1,300.08,Credit Card,27/03/2022,Emaar Square Mall
I663938,C210803,Female,44,Clothing,5,1500.4,Debit Card,19/03/2021,Kanyon
I320215,C201026,Female,37,Food & Beverage,1,5.23,Cash,13/09/2022,Emaar Square Mall
I127422,C201708,Female,61,Books,2,30.3,Cash,26/05/2022,Mall of Istanbul
I211100,C784082,Female,62,Books,5,75.75,Credit Card,21/02/2023,Forum Istanbul
I346342,C308953,Female,25,Shoes,4,2400.68,Credit Card,13/01/2022,Metrocity
I323785,C501563,Male,25,Toys,2,71.68,Cash,8/1/2021,Kanyon
I440800,C331534,Male,34,Clothing,1,300.08,Credit Card,29/11/2021,Kanyon
I646548,C476092,Female,48,Food & Beverage,2,10.46,Cash,16/05/2022,Metrocity
I278216,C222884,Female,18,Shoes,1,600.17,Cash,11/10/2021,Forum Istanbul
I123341,C279473,Female,46,Clothing,3,900.24,Cash,5/9/2022,Metropol AVM
I463676,C138459,Male,59,Food & Beverage,1,5.23,Cash,25/07/2021,Metrocity
I534706,C124797,Female,59,Cosmetics,2,81.32,Cash,20/11/2021,Metropol AVM
I249721,C777969,Male,47,Clothing,2,600.16,Cash,11/7/2021,Metrocity
I307304,C282521,Female,22,Food & Beverage,5,26.15,Credit Card,2/4/2021,Mall of Istanbul
I237887,C545715,Female,45,Toys,4,143.36,Cash,2/2/2022,Kanyon
I225927,C218042,Female,34,Cosmetics,2,81.32,Debit Card,27/12/2022,Metrocity
I249752,C217854,Female,49,Shoes,5,3000.85,Cash,3/6/2022,Metropol AVM
I965859,C430259,Female,49,Clothing,5,1500.4,Cash,8/12/2022,Metrocity
I240827,C327233,Male,31,Toys,5,179.2,Cash,8/5/2022,Metropol AVM
I518356,C160244,Male,26,Clothing,1,300.08,Cash,21/12/2022,Istinye Park
I255254,C338530,Female,27,Clothing,2,600.16,Cash,19/07/2021,Emaar Square Mall
I220444,C298485,Female,25,Food & Beverage,1,5.23,Debit Card,26/04/2022,Kanyon
I217676,C137742,Female,54,Shoes,4,2400.68,Cash,30/09/2022,Kanyon
I665972,C253129,Female,44,Clothing,3,900.24,Cash,8/2/2021,Emaar Square Mall
I231466,C919606,Female,62,Clothing,4,1200.32,Credit Card,21/09/2021,Mall of Istanbul
I533068,C140369,Male,62,Clothing,2,600.16,Debit Card,3/7/2021,Metrocity
I225678,C288746,Male,57,Food & Beverage,5,26.15,Cash,4/6/2022,Mall of Istanbul
I143355,C192271,Male,51,Clothing,3,900.24,Cash,7/6/2021,Mall of Istanbul
I109979,C782719,Female,61,Clothing,3,900.24,Cash,1/3/2022,Metropol AVM
I291680,C113436,Male,22,Shoes,2,1200.34,Credit Card,29/11/2022,Cevahir AVM
I284605,C251707,Male,18,Clothing,3,900.24,Cash,13/08/2022,Metropol AVM
I103488,C116713,Male,31,Food & Beverage,1,5.23,Debit Card,27/08/2021,Mall of Istanbul
I132073,C327593,Female,37,Shoes,5,3000.85,Cash,6/3/2023,Kanyon
I224359,C892143,Male,40,Toys,4,143.36,Credit Card,15/10/2022,Mall of Istanbul
I316238,C120690,Female,22,Shoes,2,1200.34,Cash,9/2/2023,Emaar Square Mall
I524576,C294094,Male,60,Clothing,5,1500.4,Debit Card,10/2/2023,Metrocity
I239550,C350101,Male,42,Cosmetics,3,121.98,Debit Card,4/3/2021,Metrocity
I111454,C536767,Male,37,Shoes,2,1200.34,Cash,24/07/2021,Mall of Istanbul
I135214,C183672,Female,35,Technology,3,3150,Credit Card,7/7/2021,Metrocity
I261151,C663154,Female,61,Toys,4,143.36,Cash,13/11/2022,Mall of Istanbul
I161250,C976150,Female,37,Cosmetics,2,81.32,Cash,24/05/2021,Istinye Park
I215716,C208258,Male,50,Shoes,3,1800.51,Cash,2/12/2022,Istinye Park
I333572,C228103,Female,57,Clothing,3,900.24,Cash,20/04/2021,Forum Istanbul
I745019,C103726,Female,34,Food & Beverage,4,20.92,Debit Card,5/3/2022,Mall of Istanbul
I196609,C175426,Male,48,Food & Beverage,2,10.46,Credit Card,31/10/2021,Istinye Park
I526072,C750614,Female,32,Cosmetics,2,81.32,Cash,24/01/2023,Kanyon
I240389,C156491,Female,25,Clothing,4,1200.32,Credit Card,13/12/2021,Zorlu Center
I938420,C247366,Female,30,Cosmetics,2,81.32,Credit Card,25/10/2021,Forum Istanbul
I283572,C285910,Female,51,Clothing,1,300.08,Debit Card,23/09/2022,Forum Istanbul
I490185,C777996,Male,50,Cosmetics,2,81.32,Credit Card,17/07/2021,Metropol AVM
I283045,C197781,Male,32,Books,3,45.45,Cash,27/12/2022,Emaar Square Mall
I249584,C435352,Female,18,Shoes,3,1800.51,Cash,28/03/2022,Metrocity
I304937,C265565,Male,28,Cosmetics,3,121.98,Credit Card,3/6/2021,Mall of Istanbul
I281539,C628388,Female,49,Clothing,2,600.16,Cash,24/06/2021,Mall of Istanbul
I104691,C372158,Female,53,Cosmetics,3,121.98,Cash,24/06/2022,Metrocity
I269022,C249132,Female,60,Shoes,4,2400.68,Credit Card,5/7/2022,Zorlu Center
I185663,C218840,Female,52,Food & Beverage,5,26.15,Cash,12/7/2021,Metrocity
I992963,C124760,Female,42,Clothing,5,1500.4,Cash,31/05/2021,Istinye Park
I194990,C720163,Female,37,Cosmetics,1,40.66,Cash,23/11/2021,Metropol AVM
I320596,C293221,Male,52,Clothing,2,600.16,Credit Card,24/02/2023,Mall of Istanbul
I565074,C289976,Female,21,Technology,1,1050,Cash,28/11/2022,Istinye Park
I200428,C138727,Female,29,Clothing,4,1200.32,Credit Card,26/09/2022,Mall of Istanbul
I198524,C185823,Male,47,Toys,4,143.36,Credit Card,10/10/2021,Metrocity
I500040,C129079,Male,32,Food & Beverage,3,15.69,Cash,18/01/2021,Kanyon
I290008,C746970,Female,62,Books,2,30.3,Cash,15/01/2023,Metropol AVM
I182289,C200322,Female,21,Clothing,1,300.08,Credit Card,7/2/2021,Metrocity
I303948,C449304,Male,53,Shoes,4,2400.68,Credit Card,17/12/2022,Istinye Park
I196372,C264969,Female,59,Food & Beverage,5,26.15,Cash,16/04/2021,Kanyon
I441028,C264017,Male,63,Toys,4,143.36,Credit Card,31/07/2021,Mall of Istanbul
I307610,C332799,Female,58,Toys,1,35.84,Debit Card,18/07/2021,Zorlu Center
I233107,C186799,Female,61,Shoes,5,3000.85,Cash,27/02/2021,Mall of Istanbul
I322362,C211121,Female,55,Clothing,1,300.08,Credit Card,20/06/2021,Istinye Park
I298000,C880724,Female,67,Cosmetics,5,203.3,Credit Card,18/12/2022,Emaar Square Mall
I306613,C164987,Female,38,Cosmetics,3,121.98,Cash,6/10/2022,Kanyon
I558073,C192159,Female,60,Cosmetics,2,81.32,Credit Card,31/08/2021,Metropol AVM
I289633,C153281,Male,57,Books,3,45.45,Cash,28/01/2023,Viaport Outlet
I912588,C107766,Male,19,Clothing,1,300.08,Credit Card,7/3/2022,Mall of Istanbul
I531430,C249115,Female,68,Food & Beverage,2,10.46,Credit Card,28/11/2022,Mall of Istanbul
I695087,C840415,Female,57,Shoes,5,3000.85,Cash,28/06/2022,Metrocity
I759941,C265485,Female,51,Toys,3,107.52,Cash,28/10/2022,Mall of Istanbul
I319837,C700823,Female,46,Clothing,5,1500.4,Cash,14/04/2022,Mall of Istanbul
I212204,C217293,Female,37,Toys,3,107.52,Credit Card,16/11/2021,Metrocity
I178928,C218130,Male,42,Books,5,75.75,Debit Card,13/02/2021,Istinye Park
I273254,C114875,Male,53,Clothing,4,1200.32,Cash,23/01/2021,Kanyon
I287303,C170520,Male,44,Clothing,1,300.08,Cash,27/03/2022,Metropol AVM
I185518,C274368,Female,58,Food & Beverage,2,10.46,Debit Card,21/09/2021,Metrocity
I618499,C150922,Female,23,Cosmetics,5,203.3,Cash,13/05/2022,Forum Istanbul
I141308,C898866,Female,32,Clothing,5,1500.4,Credit Card,22/11/2021,Kanyon
I326603,C235730,Female,41,Clothing,3,900.24,Credit Card,15/07/2022,Mall of Istanbul
I133328,C307049,Male,27,Books,1,15.15,Credit Card,5/3/2021,Kanyon
I230697,C299705,Female,36,Cosmetics,1,40.66,Cash,10/12/2022,Istinye Park
I122696,C261522,Female,69,Clothing,2,600.16,Cash,4/3/2023,Kanyon
I308172,C325975,Female,55,Clothing,5,1500.4,Cash,10/11/2021,Istinye Park
I150267,C969290,Female,63,Food & Beverage,2,10.46,Credit Card,3/3/2023,Mall of Istanbul
I201576,C346646,Male,48,Clothing,3,900.24,Cash,31/03/2022,Kanyon
I160197,C215141,Female,46,Shoes,2,1200.34,Cash,23/08/2022,Metropol AVM
I166519,C155897,Female,19,Shoes,1,600.17,Cash,13/02/2023,Emaar Square Mall
I332060,C814731,Female,24,Shoes,4,2400.68,Debit Card,24/09/2022,Emaar Square Mall
I264922,C132855,Female,45,Clothing,1,300.08,Debit Card,26/10/2021,Metrocity
I196614,C991779,Female,58,Cosmetics,2,81.32,Cash,31/03/2021,Mall of Istanbul
I206546,C152178,Male,26,Clothing,3,900.24,Cash,17/11/2021,Metrocity
I138977,C190004,Female,22,Clothing,5,1500.4,Cash,15/08/2022,Kanyon
I293820,C216763,Female,40,Food & Beverage,4,20.92,Cash,8/9/2021,Zorlu Center
I141970,C296028,Female,45,Clothing,4,1200.32,Credit Card,7/1/2021,Metrocity
I242102,C148987,Male,39,Cosmetics,3,121.98,Cash,10/4/2022,Mall of Istanbul
I283597,C798436,Male,34,Food & Beverage,4,20.92,Debit Card,20/02/2023,Metrocity
I298710,C331955,Female,69,Food & Beverage,5,26.15,Credit Card,18/10/2022,Metrocity
I334775,C130214,Male,47,Clothing,3,900.24,Cash,28/03/2022,Viaport Outlet
I327571,C202346,Female,41,Food & Beverage,5,26.15,Debit Card,30/06/2022,Zorlu Center
I185690,C120861,Female,41,Food & Beverage,4,20.92,Cash,31/08/2022,Metrocity
I657983,C281246,Female,67,Food & Beverage,4,20.92,Credit Card,12/9/2021,Kanyon
I338114,C580669,Female,42,Souvenir,1,11.73,Debit Card,24/08/2022,Metropol AVM
I283921,C300745,Female,57,Shoes,4,2400.68,Cash,14/07/2022,Kanyon
I485029,C224141,Female,33,Shoes,1,600.17,Debit Card,15/01/2021,Metropol AVM
I282198,C795927,Male,39,Clothing,4,1200.32,Cash,15/06/2021,Metrocity
I285481,C255280,Male,42,Food & Beverage,5,26.15,Credit Card,28/06/2022,Kanyon
I639005,C533457,Female,65,Clothing,2,600.16,Cash,17/02/2022,Kanyon
I157748,C156294,Female,65,Clothing,1,300.08,Cash,23/12/2021,Mall of Istanbul
I240852,C135818,Female,20,Shoes,2,1200.34,Credit Card,19/09/2021,Metrocity
I176239,C332576,Male,23,Shoes,2,1200.34,Credit Card,12/12/2021,Kanyon
I380320,C163639,Male,46,Clothing,1,300.08,Debit Card,9/1/2021,Viaport Outlet
I189896,C144582,Male,18,Toys,4,143.36,Debit Card,4/5/2021,Metrocity
I225110,C224238,Male,59,Clothing,1,300.08,Cash,3/1/2023,Cevahir AVM
I235119,C105384,Female,23,Shoes,4,2400.68,Debit Card,23/11/2021,Kanyon
I101201,C296680,Male,51,Cosmetics,2,81.32,Credit Card,20/06/2022,Forum Istanbul
I710337,C285727,Female,24,Toys,4,143.36,Credit Card,1/2/2023,Mall of Istanbul
I306903,C197660,Female,43,Cosmetics,5,203.3,Credit Card,26/02/2023,Mall of Istanbul
I113961,C662166,Female,55,Food & Beverage,2,10.46,Credit Card,28/12/2021,Emaar Square Mall
I257764,C132096,Male,36,Food & Beverage,5,26.15,Credit Card,1/2/2023,Kanyon
I158608,C112686,Female,31,Clothing,2,600.16,Cash,3/9/2021,Viaport Outlet
I251071,C172426,Female,67,Clothing,3,900.24,Debit Card,4/12/2021,Metrocity
I392821,C419814,Male,41,Food & Beverage,2,10.46,Cash,11/3/2021,Kanyon
I565813,C156055,Female,33,Food & Beverage,3,15.69,Debit Card,20/04/2021,Istinye Park
I183237,C265900,Female,67,Shoes,2,1200.34,Debit Card,29/01/2022,Metropol AVM
I560619,C322886,Female,27,Food & Beverage,4,20.92,Credit Card,26/05/2021,Mall of Istanbul
I156575,C949801,Male,45,Technology,5,5250,Credit Card,12/12/2022,Metrocity
I308437,C324027,Female,45,Cosmetics,1,40.66,Cash,16/02/2022,Kanyon
I667297,C324234,Female,21,Food & Beverage,2,10.46,Credit Card,13/04/2022,Metrocity
I137063,C335133,Male,28,Clothing,3,900.24,Debit Card,11/3/2022,Emaar Square Mall
I177853,C153372,Female,66,Food & Beverage,5,26.15,Debit Card,11/4/2022,Zorlu Center
I691551,C648422,Male,56,Clothing,3,900.24,Credit Card,14/04/2022,Emaar Square Mall
I152656,C983775,Female,59,Cosmetics,4,162.64,Cash,17/05/2021,Cevahir AVM
I302963,C240485,Female,61,Shoes,4,2400.68,Credit Card,21/01/2023,Emaar Square Mall
I401746,C282784,Female,39,Technology,5,5250,Cash,24/04/2022,Metrocity
I276300,C941234,Male,20,Food & Beverage,5,26.15,Credit Card,11/3/2022,Zorlu Center
I508183,C179809,Male,61,Toys,1,35.84,Credit Card,18/01/2022,Metrocity
I102260,C203685,Male,36,Books,2,30.3,Cash,11/11/2021,Metropol AVM
I223761,C276052,Male,41,Toys,4,143.36,Debit Card,26/07/2022,Kanyon
I134206,C258802,Male,62,Cosmetics,5,203.3,Credit Card,30/06/2021,Mall of Istanbul
I189831,C149613,Female,68,Clothing,4,1200.32,Credit Card,24/12/2021,Kanyon
I200187,C604278,Female,48,Clothing,4,1200.32,Cash,12/5/2022,Mall of Istanbul
I206051,C755473,Female,42,Toys,2,71.68,Debit Card,29/07/2021,Metropol AVM
I207578,C202846,Male,67,Food & Beverage,3,15.69,Debit Card,15/06/2021,Istinye Park
I241566,C297687,Male,35,Cosmetics,2,81.32,Debit Card,5/6/2022,Metropol AVM
I140436,C182855,Male,26,Clothing,2,600.16,Debit Card,20/02/2023,Metrocity
I163688,C321304,Male,50,Clothing,5,1500.4,Debit Card,9/7/2021,Cevahir AVM
I106806,C104230,Female,21,Food & Beverage,1,5.23,Debit Card,31/07/2022,Metropol AVM
I335996,C133853,Male,43,Clothing,2,600.16,Credit Card,13/05/2021,Metropol AVM
I160553,C159198,Female,49,Cosmetics,5,203.3,Debit Card,12/7/2022,Istinye Park
I301358,C303633,Female,35,Clothing,1,300.08,Cash,28/10/2021,Mall of Istanbul
I174846,C265786,Female,49,Clothing,2,600.16,Debit Card,21/03/2022,Emaar Square Mall
I269933,C312240,Male,53,Clothing,2,600.16,Credit Card,26/04/2022,Forum Istanbul
I797002,C925215,Male,23,Clothing,5,1500.4,Cash,30/04/2022,Metropol AVM
I295473,C303567,Female,47,Clothing,4,1200.32,Cash,11/4/2021,Kanyon
I726258,C283195,Female,48,Cosmetics,3,121.98,Cash,6/11/2022,Forum Istanbul
I173780,C132959,Male,46,Clothing,4,1200.32,Debit Card,27/11/2021,Metrocity
I176647,C127764,Male,60,Food & Beverage,2,10.46,Cash,9/11/2022,Kanyon
I336922,C192203,Male,55,Clothing,3,900.24,Debit Card,2/2/2022,Istinye Park
I306182,C219375,Female,36,Clothing,4,1200.32,Cash,10/3/2022,Emaar Square Mall
I689076,C792244,Male,35,Shoes,1,600.17,Cash,3/4/2022,Metrocity
I492171,C109394,Female,61,Clothing,1,300.08,Cash,28/05/2021,Metrocity
I288356,C611142,Male,22,Cosmetics,4,162.64,Cash,1/11/2021,Viaport Outlet
I170469,C364605,Female,34,Technology,3,3150,Cash,22/09/2021,Viaport Outlet
I230675,C299144,Female,29,Technology,2,2100,Debit Card,8/3/2021,Kanyon
I287116,C126461,Male,50,Clothing,3,900.24,Credit Card,15/02/2021,Mall of Istanbul
I403775,C148489,Female,60,Cosmetics,2,81.32,Credit Card,5/10/2021,Zorlu Center
I163027,C148505,Female,56,Clothing,3,900.24,Cash,28/02/2021,Cevahir AVM
I194417,C118250,Male,19,Clothing,5,1500.4,Credit Card,16/05/2022,Kanyon
I254774,C211476,Female,40,Toys,1,35.84,Cash,14/05/2021,Istinye Park
I211895,C741138,Female,44,Cosmetics,4,162.64,Cash,29/11/2022,Istinye Park
I306016,C155047,Female,28,Clothing,3,900.24,Credit Card,27/01/2023,Forum Istanbul
I111249,C293586,Female,29,Clothing,5,1500.4,Credit Card,21/06/2022,Kanyon
I314443,C224350,Female,37,Clothing,5,1500.4,Credit Card,12/1/2023,Mall of Istanbul
I286059,C119408,Female,69,Cosmetics,3,121.98,Credit Card,5/12/2021,Metrocity
I212849,C135917,Female,46,Clothing,4,1200.32,Cash,19/08/2022,Zorlu Center
I459501,C970891,Female,35,Technology,1,1050,Cash,25/09/2022,Mall of Istanbul
I215140,C304913,Male,53,Shoes,3,1800.51,Credit Card,30/11/2022,Metropol AVM
I173014,C299051,Male,34,Clothing,4,1200.32,Debit Card,29/12/2022,Mall of Istanbul
I183138,C291722,Male,36,Clothing,1,300.08,Credit Card,4/5/2022,Metrocity
I539699,C174527,Female,23,Technology,1,1050,Credit Card,14/04/2021,Metrocity
I164813,C186617,Female,44,Clothing,3,900.24,Credit Card,21/09/2022,Kanyon
I733432,C182108,Male,68,Souvenir,4,46.92,Credit Card,29/06/2021,Mall of Istanbul
I797522,C335474,Female,64,Cosmetics,1,40.66,Cash,1/10/2021,Forum Istanbul
I263413,C292999,Female,65,Cosmetics,3,121.98,Debit Card,11/2/2022,Kanyon
I293817,C137952,Female,44,Clothing,4,1200.32,Credit Card,30/12/2021,Metropol AVM
I260981,C866200,Female,56,Cosmetics,5,203.3,Debit Card,28/11/2021,Kanyon
I335144,C101253,Female,53,Clothing,5,1500.4,Debit Card,26/01/2023,Emaar Square Mall
I607534,C178530,Female,54,Clothing,3,900.24,Cash,15/11/2022,Mall of Istanbul
I294350,C104646,Male,69,Food & Beverage,5,26.15,Cash,14/07/2021,Istinye Park
I208420,C276326,Male,20,Clothing,4,1200.32,Cash,30/07/2021,Kanyon
I249010,C253227,Male,19,Cosmetics,3,121.98,Cash,30/06/2021,Metrocity
I382596,C258005,Male,36,Technology,4,4200,Cash,8/10/2021,Istinye Park
I199092,C246299,Female,28,Cosmetics,5,203.3,Debit Card,10/1/2022,Metropol AVM
I723339,C845023,Male,35,Toys,4,143.36,Cash,27/05/2021,Kanyon
I195817,C266478,Male,36,Technology,1,1050,Credit Card,28/08/2021,Kanyon
I871458,C870609,Female,54,Souvenir,3,35.19,Cash,25/02/2022,Istinye Park
I172270,C445377,Female,49,Food & Beverage,3,15.69,Credit Card,20/08/2021,Istinye Park
I946970,C318262,Female,37,Shoes,4,2400.68,Credit Card,27/09/2022,Kanyon
I305614,C687327,Female,59,Clothing,3,900.24,Cash,8/10/2021,Metropol AVM
I126342,C302663,Female,56,Food & Beverage,3,15.69,Cash,9/11/2021,Metrocity
I737925,C455005,Male,54,Food & Beverage,5,26.15,Credit Card,10/5/2022,Metropol AVM
I237711,C101833,Male,69,Books,1,15.15,Credit Card,19/01/2021,Istinye Park
I113722,C166218,Female,25,Clothing,5,1500.4,Credit Card,12/9/2022,Mall of Istanbul
I138227,C352599,Female,30,Clothing,3,900.24,Credit Card,5/1/2021,Kanyon
I229275,C310835,Female,54,Shoes,2,1200.34,Credit Card,1/2/2023,Mall of Istanbul
I259168,C228047,Male,29,Toys,5,179.2,Cash,11/4/2022,Kanyon
I993302,C218596,Female,46,Technology,2,2100,Cash,30/03/2021,Kanyon
I114124,C423619,Male,38,Cosmetics,4,162.64,Credit Card,10/3/2022,Kanyon
I105181,C257388,Male,32,Clothing,2,600.16,Credit Card,21/05/2022,Mall of Istanbul
I265529,C139738,Female,38,Clothing,5,1500.4,Cash,17/03/2021,Istinye Park
I287148,C615346,Female,29,Food & Beverage,3,15.69,Cash,1/9/2021,Metrocity
I140751,C268565,Female,62,Books,1,15.15,Cash,18/03/2021,Viaport Outlet
I141809,C333960,Female,29,Cosmetics,4,162.64,Credit Card,5/2/2021,Mall of Istanbul
I210796,C177225,Male,25,Shoes,3,1800.51,Credit Card,1/2/2022,Mall of Istanbul
I826293,C248205,Female,33,Cosmetics,1,40.66,Debit Card,18/02/2023,Emaar Square Mall
I629649,C225911,Female,57,Clothing,4,1200.32,Credit Card,17/03/2022,Metropol AVM
I256691,C152549,Male,24,Cosmetics,1,40.66,Cash,4/2/2022,Metrocity
I287405,C451222,Male,40,Toys,2,71.68,Cash,26/06/2021,Metropol AVM
I218319,C198936,Male,65,Clothing,5,1500.4,Cash,19/02/2022,Metrocity
I248573,C321089,Female,36,Clothing,1,300.08,Cash,6/7/2021,Zorlu Center
I174403,C200628,Female,31,Books,4,60.6,Credit Card,27/12/2021,Istinye Park
I666765,C242751,Female,65,Clothing,3,900.24,Cash,14/02/2022,Kanyon
I331291,C194073,Male,51,Clothing,2,600.16,Credit Card,29/04/2022,Metrocity
I571011,C143689,Male,49,Clothing,2,600.16,Credit Card,23/10/2021,Metrocity
I192167,C908227,Female,29,Clothing,5,1500.4,Debit Card,15/03/2021,Kanyon
I395028,C238195,Female,54,Food & Beverage,5,26.15,Debit Card,17/01/2022,Mall of Istanbul
I234628,C259645,Female,44,Books,2,30.3,Cash,4/9/2022,Istinye Park
I751200,C796695,Male,43,Books,1,15.15,Cash,19/10/2022,Kanyon
I303098,C312248,Female,38,Clothing,3,900.24,Debit Card,12/5/2021,Metrocity
I495125,C422817,Male,52,Cosmetics,4,162.64,Credit Card,14/01/2022,Metropol AVM
I703738,C852186,Male,18,Clothing,1,300.08,Credit Card,26/02/2022,Metrocity
I970768,C857656,Female,43,Souvenir,2,23.46,Debit Card,7/3/2023,Metropol AVM
I171941,C202498,Male,23,Toys,4,143.36,Cash,5/5/2021,Mall of Istanbul
I284270,C294285,Female,18,Clothing,2,600.16,Debit Card,8/10/2021,Metrocity
I245855,C712979,Male,26,Food & Beverage,3,15.69,Cash,15/10/2022,Mall of Istanbul
I170689,C204101,Female,46,Clothing,5,1500.4,Cash,26/06/2022,Mall of Istanbul
I360522,C237185,Female,69,Food & Beverage,3,15.69,Debit Card,5/12/2022,Mall of Istanbul
I877768,C156510,Male,53,Cosmetics,4,162.64,Credit Card,12/7/2022,Kanyon
I302099,C221684,Male,42,Clothing,5,1500.4,Credit Card,28/08/2021,Kanyon
I104726,C288417,Female,44,Toys,2,71.68,Debit Card,25/08/2022,Forum Istanbul
I285712,C182689,Female,55,Clothing,4,1200.32,Cash,2/2/2023,Metropol AVM
I215374,C131112,Male,64,Clothing,4,1200.32,Debit Card,25/09/2022,Mall of Istanbul
I289004,C110606,Female,46,Clothing,1,300.08,Credit Card,6/12/2022,Metropol AVM
I190262,C294383,Female,44,Food & Beverage,2,10.46,Cash,13/07/2021,Cevahir AVM
I135713,C241721,Male,51,Cosmetics,5,203.3,Credit Card,3/2/2021,Metropol AVM
I194282,C981168,Female,33,Clothing,5,1500.4,Cash,19/04/2021,Metrocity
I172433,C298481,Male,40,Cosmetics,5,203.3,Credit Card,15/02/2023,Mall of Istanbul
I191263,C347518,Male,56,Toys,1,35.84,Credit Card,17/02/2021,Cevahir AVM
I639946,C212130,Female,66,Clothing,4,1200.32,Debit Card,11/1/2023,Metropol AVM
I227077,C126172,Female,38,Clothing,4,1200.32,Cash,30/04/2022,Cevahir AVM
I332700,C193953,Male,19,Souvenir,1,11.73,Debit Card,17/12/2021,Kanyon
I915914,C247975,Female,37,Souvenir,1,11.73,Cash,27/04/2022,Metropol AVM
I284728,C110852,Female,43,Food & Beverage,1,5.23,Cash,27/04/2022,Metropol AVM
I267354,C372768,Female,34,Clothing,5,1500.4,Credit Card,19/08/2022,Zorlu Center
I664883,C157764,Male,21,Clothing,1,300.08,Debit Card,16/12/2021,Mall of Istanbul
I194957,C204757,Male,20,Shoes,3,1800.51,Cash,13/05/2021,Metropol AVM
I785087,C128276,Female,56,Toys,3,107.52,Cash,3/8/2021,Istinye Park
I260283,C223968,Male,36,Clothing,5,1500.4,Credit Card,30/09/2022,Istinye Park
I253393,C181629,Female,49,Cosmetics,4,162.64,Credit Card,22/01/2023,Cevahir AVM
I234768,C232081,Female,44,Cosmetics,3,121.98,Credit Card,18/07/2021,Mall of Istanbul
I130425,C822188,Male,37,Food & Beverage,4,20.92,Cash,16/04/2022,Mall of Istanbul
I110714,C507968,Male,53,Toys,2,71.68,Credit Card,31/01/2022,Metropol AVM
I120218,C504870,Female,23,Clothing,3,900.24,Credit Card,15/04/2021,Metropol AVM
I236147,C258718,Male,54,Shoes,1,600.17,Cash,23/04/2022,Kanyon
I174368,C154605,Female,56,Books,3,45.45,Credit Card,27/04/2021,Mall of Istanbul
I331016,C408810,Female,53,Cosmetics,4,162.64,Cash,8/3/2021,Emaar Square Mall
I313621,C100822,Male,35,Clothing,5,1500.4,Cash,22/12/2021,Zorlu Center
I161673,C450271,Male,43,Clothing,2,600.16,Credit Card,27/03/2021,Metropol AVM
I131019,C520090,Female,47,Food & Beverage,5,26.15,Debit Card,13/09/2022,Emaar Square Mall
I132158,C166352,Male,32,Clothing,4,1200.32,Credit Card,17/10/2022,Istinye Park
I177579,C178068,Male,60,Cosmetics,1,40.66,Debit Card,26/09/2021,Forum Istanbul
I339973,C117442,Female,65,Clothing,5,1500.4,Cash,25/03/2022,Mall of Istanbul
I529024,C248844,Male,64,Cosmetics,5,203.3,Credit Card,18/09/2021,Metropol AVM
I161657,C342063,Female,62,Food & Beverage,2,10.46,Credit Card,30/10/2021,Cevahir AVM
I181621,C112446,Male,30,Books,3,45.45,Debit Card,3/3/2022,Cevahir AVM
I916594,C193534,Male,33,Clothing,2,600.16,Cash,3/6/2022,Cevahir AVM
I169828,C843939,Male,47,Clothing,5,1500.4,Cash,10/3/2021,Kanyon
I106245,C320595,Female,58,Books,2,30.3,Cash,29/09/2021,Kanyon
I112262,C170278,Female,18,Books,3,45.45,Debit Card,15/07/2021,Istinye Park
I292865,C167596,Female,51,Shoes,2,1200.34,Debit Card,24/02/2022,Kanyon
I183872,C221829,Male,52,Clothing,5,1500.4,Credit Card,11/6/2021,Zorlu Center
I244666,C214034,Female,50,Food & Beverage,4,20.92,Debit Card,29/07/2022,Kanyon
I139908,C859812,Female,35,Cosmetics,4,162.64,Credit Card,10/7/2021,Mall of Istanbul
I251728,C809067,Female,68,Cosmetics,5,203.3,Credit Card,27/05/2022,Forum Istanbul
I291672,C138461,Female,53,Technology,2,2100,Credit Card,11/2/2021,Kanyon
I274391,C295550,Female,41,Cosmetics,4,162.64,Debit Card,3/1/2021,Metrocity
I205912,C334041,Female,52,Books,1,15.15,Credit Card,20/02/2023,Metrocity
I268969,C244494,Female,38,Clothing,4,1200.32,Credit Card,28/04/2022,Mall of Istanbul
I253196,C132258,Female,67,Clothing,1,300.08,Credit Card,22/04/2022,Mall of Istanbul
I191083,C799583,Male,68,Clothing,3,900.24,Cash,11/2/2023,Zorlu Center
I758150,C335490,Female,66,Clothing,1,300.08,Cash,23/03/2022,Mall of Istanbul
I826366,C644120,Female,40,Clothing,1,300.08,Debit Card,3/10/2021,Kanyon
I210996,C260098,Female,49,Clothing,3,900.24,Credit Card,4/3/2022,Emaar Square Mall
I544841,C628098,Male,28,Shoes,2,1200.34,Cash,7/1/2023,Mall of Istanbul
I578121,C654389,Female,46,Cosmetics,2,81.32,Credit Card,8/9/2022,Mall of Istanbul
I214736,C221737,Female,60,Cosmetics,4,162.64,Credit Card,22/02/2021,Mall of Istanbul
I148201,C233979,Female,49,Clothing,1,300.08,Debit Card,16/03/2022,Cevahir AVM
I125797,C295981,Female,54,Books,4,60.6,Cash,19/06/2022,Mall of Istanbul
I738162,C106029,Female,34,Shoes,3,1800.51,Debit Card,12/3/2022,Forum Istanbul
I216712,C218884,Female,56,Food & Beverage,4,20.92,Cash,26/08/2022,Istinye Park
I210831,C276486,Female,56,Technology,5,5250,Credit Card,30/12/2022,Mall of Istanbul
I734459,C805162,Female,62,Cosmetics,5,203.3,Credit Card,10/6/2022,Istinye Park
I249918,C219931,Female,38,Clothing,4,1200.32,Cash,13/11/2021,Kanyon
I288996,C259019,Female,57,Clothing,4,1200.32,Credit Card,17/08/2021,Metrocity
I109323,C855615,Female,21,Shoes,4,2400.68,Credit Card,30/08/2021,Kanyon
I633363,C727775,Female,43,Clothing,2,600.16,Credit Card,4/1/2023,Viaport Outlet
I883979,C154370,Female,63,Cosmetics,4,162.64,Credit Card,28/10/2022,Metropol AVM
I309907,C629300,Female,25,Cosmetics,3,121.98,Credit Card,4/7/2021,Istinye Park
I213752,C130337,Male,68,Food & Beverage,3,15.69,Debit Card,11/6/2022,Metrocity
I206241,C236751,Male,31,Cosmetics,1,40.66,Debit Card,15/11/2021,Metropol AVM
I542167,C277041,Female,43,Shoes,4,2400.68,Debit Card,3/11/2021,Metrocity
I502571,C225449,Male,67,Clothing,5,1500.4,Cash,15/03/2022,Emaar Square Mall
I152581,C191881,Male,45,Clothing,3,900.24,Cash,26/07/2021,Emaar Square Mall
I113956,C358652,Female,26,Food & Beverage,3,15.69,Debit Card,22/02/2023,Mall of Istanbul
I118321,C972660,Male,37,Technology,4,4200,Cash,28/06/2021,Metropol AVM
I287396,C122800,Male,61,Clothing,5,1500.4,Credit Card,17/12/2022,Forum Istanbul
I615624,C751912,Male,24,Food & Beverage,5,26.15,Cash,10/10/2021,Viaport Outlet
I291228,C324213,Male,21,Clothing,2,600.16,Credit Card,10/2/2022,Istinye Park
I304126,C148192,Male,32,Clothing,2,600.16,Debit Card,8/8/2021,Mall of Istanbul
I151593,C109325,Male,19,Toys,2,71.68,Cash,11/2/2021,Emaar Square Mall
I142059,C139114,Female,30,Food & Beverage,2,10.46,Cash,25/06/2021,Mall of Istanbul
I207528,C254823,Male,28,Clothing,3,900.24,Credit Card,21/04/2022,Istinye Park
I204271,C150007,Female,47,Shoes,5,3000.85,Cash,9/6/2022,Metropol AVM
I196373,C314794,Male,42,Shoes,1,600.17,Credit Card,1/10/2022,Mall of Istanbul
I233733,C370941,Female,67,Clothing,5,1500.4,Cash,30/08/2021,Mall of Istanbul
I225010,C258694,Female,26,Cosmetics,3,121.98,Debit Card,4/3/2021,Mall of Istanbul
I163975,C156671,Female,26,Clothing,4,1200.32,Debit Card,22/01/2021,Viaport Outlet
I190663,C288049,Male,67,Books,2,30.3,Credit Card,13/08/2021,Forum Istanbul
I233994,C198238,Female,37,Clothing,5,1500.4,Credit Card,27/06/2021,Istinye Park
I157617,C303866,Female,33,Clothing,2,600.16,Cash,26/12/2021,Emaar Square Mall
I335291,C593920,Female,61,Cosmetics,3,121.98,Debit Card,25/10/2022,Metropol AVM
I224251,C120816,Female,39,Cosmetics,3,121.98,Debit Card,25/11/2021,Metrocity
I816582,C645766,Female,22,Cosmetics,4,162.64,Cash,11/1/2023,Forum Istanbul
I332328,C110489,Female,52,Clothing,2,600.16,Cash,12/2/2023,Zorlu Center
I486183,C850567,Male,68,Souvenir,3,35.19,Cash,21/11/2021,Metrocity
I116661,C105984,Female,35,Cosmetics,5,203.3,Credit Card,14/09/2021,Kanyon
I106112,C231435,Female,18,Clothing,3,900.24,Cash,17/09/2022,Istinye Park
I436935,C486241,Female,21,Cosmetics,4,162.64,Cash,26/02/2023,Istinye Park
I267296,C155756,Male,49,Cosmetics,5,203.3,Credit Card,16/10/2022,Mall of Istanbul
I301092,C296104,Female,56,Food & Beverage,1,5.23,Credit Card,6/2/2021,Mall of Istanbul
I336641,C282383,Female,33,Food & Beverage,3,15.69,Cash,27/10/2022,Istinye Park
I259594,C753411,Male,37,Cosmetics,4,162.64,Credit Card,24/03/2022,Metrocity
I321217,C694219,Male,44,Cosmetics,3,121.98,Debit Card,18/04/2022,Kanyon
I883422,C803152,Female,49,Clothing,4,1200.32,Credit Card,25/11/2022,Metrocity
I132886,C572783,Female,35,Toys,3,107.52,Debit Card,25/12/2021,Emaar Square Mall
I101691,C322262,Male,67,Souvenir,4,46.92,Cash,5/3/2021,Mall of Istanbul
I189658,C258376,Female,36,Shoes,3,1800.51,Credit Card,25/05/2021,Metropol AVM
I312575,C260854,Female,44,Technology,2,2100,Cash,31/07/2021,Metrocity
I314077,C984274,Female,21,Books,2,30.3,Credit Card,26/01/2022,Metrocity
I243667,C278092,Female,19,Shoes,3,1800.51,Credit Card,19/12/2021,Kanyon
I300156,C840574,Female,65,Clothing,3,900.24,Cash,13/06/2022,Kanyon
I166293,C163331,Male,64,Cosmetics,4,162.64,Cash,13/10/2022,Zorlu Center
I563209,C311751,Female,55,Clothing,2,600.16,Cash,5/6/2022,Mall of Istanbul
I252924,C109524,Female,50,Clothing,1,300.08,Debit Card,11/5/2021,Mall of Istanbul
I486506,C121725,Female,47,Cosmetics,5,203.3,Cash,9/2/2021,Viaport Outlet
I784801,C264299,Male,49,Food & Beverage,4,20.92,Credit Card,25/10/2021,Istinye Park
I103882,C230616,Female,30,Clothing,1,300.08,Debit Card,30/06/2022,Istinye Park
I240077,C110898,Male,58,Clothing,4,1200.32,Cash,23/12/2021,Zorlu Center
I298909,C216450,Female,53,Souvenir,5,58.65,Debit Card,3/11/2022,Mall of Istanbul
I271365,C140203,Male,19,Clothing,1,300.08,Credit Card,9/4/2021,Mall of Istanbul
I324740,C580162,Male,27,Clothing,5,1500.4,Credit Card,4/1/2023,Istinye Park
I196197,C147866,Female,51,Cosmetics,2,81.32,Credit Card,23/10/2022,Metropol AVM
I692602,C269749,Male,35,Cosmetics,2,81.32,Cash,3/7/2022,Metropol AVM
I152901,C481855,Female,23,Souvenir,3,35.19,Credit Card,8/12/2022,Metrocity
I103996,C399796,Female,32,Cosmetics,3,121.98,Cash,20/09/2022,Viaport Outlet
I309755,C125546,Female,46,Clothing,1,300.08,Credit Card,24/09/2021,Kanyon
I268423,C266205,Female,60,Toys,2,71.68,Cash,18/02/2021,Metrocity
I335740,C596131,Male,50,Clothing,1,300.08,Credit Card,9/4/2021,Mall of Istanbul
I264238,C399834,Male,22,Clothing,4,1200.32,Cash,17/09/2021,Mall of Istanbul
I248190,C154446,Male,66,Cosmetics,5,203.3,Debit Card,18/07/2021,Mall of Istanbul
I310138,C117733,Female,55,Food & Beverage,2,10.46,Credit Card,30/04/2022,Kanyon
I155330,C701315,Female,25,Books,3,45.45,Credit Card,8/6/2021,Kanyon
I260388,C329268,Male,28,Clothing,2,600.16,Cash,6/7/2022,Metrocity
I889767,C221756,Female,57,Clothing,4,1200.32,Cash,10/6/2022,Istinye Park
I114072,C242567,Female,27,Clothing,4,1200.32,Cash,24/05/2021,Mall of Istanbul
I266070,C185774,Female,36,Cosmetics,2,81.32,Debit Card,4/6/2021,Metrocity
I962739,C334319,Male,25,Toys,5,179.2,Credit Card,12/9/2022,Kanyon
I122941,C142841,Female,68,Cosmetics,3,121.98,Cash,16/07/2022,Emaar Square Mall
I190080,C210039,Male,21,Shoes,3,1800.51,Cash,22/05/2021,Kanyon
I160222,C159693,Male,51,Shoes,5,3000.85,Debit Card,20/02/2023,Kanyon
I896961,C531589,Female,53,Shoes,4,2400.68,Cash,5/11/2021,Metropol AVM
I504632,C282252,Female,62,Technology,1,1050,Debit Card,8/1/2022,Mall of Istanbul
I115940,C294414,Female,62,Clothing,3,900.24,Credit Card,14/11/2021,Metropol AVM
I536710,C778848,Female,29,Food & Beverage,5,26.15,Cash,12/11/2022,Zorlu Center
I440473,C114129,Female,44,Toys,4,143.36,Cash,6/10/2021,Emaar Square Mall
I434859,C734492,Male,60,Technology,1,1050,Cash,11/11/2022,Zorlu Center
I378766,C153444,Female,40,Clothing,2,600.16,Cash,28/06/2022,Mall of Istanbul
I107806,C234672,Female,61,Technology,1,1050,Cash,18/02/2022,Kanyon
I195486,C339052,Male,58,Souvenir,5,58.65,Credit Card,13/01/2023,Zorlu Center
I159436,C488016,Female,28,Shoes,2,1200.34,Credit Card,12/7/2021,Metrocity
I247382,C317053,Female,44,Clothing,1,300.08,Debit Card,27/01/2023,Mall of Istanbul
I134990,C673454,Female,54,Shoes,5,3000.85,Cash,9/4/2021,Mall of Istanbul
I140996,C274879,Female,37,Books,1,15.15,Credit Card,24/05/2021,Istinye Park
I314353,C296951,Male,25,Toys,5,179.2,Credit Card,24/03/2022,Metrocity
I198624,C256936,Male,31,Food & Beverage,1,5.23,Cash,2/10/2021,Zorlu Center
I339900,C873775,Female,59,Clothing,3,900.24,Cash,19/05/2022,Metrocity
I260558,C527547,Female,44,Technology,3,3150,Credit Card,27/02/2021,Metrocity
I322685,C279015,Female,36,Cosmetics,4,162.64,Credit Card,12/8/2022,Istinye Park
I160268,C487830,Female,28,Toys,4,143.36,Debit Card,11/7/2021,Istinye Park
I261612,C448474,Male,43,Souvenir,5,58.65,Cash,14/11/2021,Metrocity
I126909,C287520,Male,69,Shoes,5,3000.85,Credit Card,28/09/2021,Kanyon
I204938,C267564,Female,38,Clothing,4,1200.32,Credit Card,1/12/2021,Zorlu Center
I125085,C104658,Female,59,Clothing,2,600.16,Cash,30/08/2022,Zorlu Center
I359321,C107516,Male,59,Clothing,4,1200.32,Debit Card,5/2/2021,Forum Istanbul
I768500,C209432,Male,67,Food & Beverage,2,10.46,Debit Card,17/09/2021,Emaar Square Mall
I925212,C108792,Male,51,Shoes,1,600.17,Cash,1/9/2021,Mall of Istanbul
I211885,C178203,Female,44,Clothing,2,600.16,Debit Card,9/9/2021,Mall of Istanbul
I195469,C802292,Female,66,Books,1,15.15,Debit Card,30/03/2022,Mall of Istanbul
I104253,C311913,Male,21,Shoes,5,3000.85,Debit Card,19/10/2021,Mall of Istanbul
I107937,C289763,Female,45,Food & Beverage,1,5.23,Debit Card,27/01/2023,Kanyon
I240152,C307256,Male,34,Clothing,3,900.24,Cash,2/2/2022,Emaar Square Mall
I888521,C290607,Female,60,Clothing,1,300.08,Cash,20/02/2021,Istinye Park
I296111,C129041,Female,33,Toys,5,179.2,Credit Card,16/12/2021,Metropol AVM
I276472,C332732,Female,49,Clothing,4,1200.32,Cash,27/06/2021,Metrocity
I286418,C432277,Male,38,Shoes,3,1800.51,Debit Card,22/06/2021,Metrocity
I335578,C208613,Female,65,Clothing,4,1200.32,Credit Card,17/06/2022,Viaport Outlet
I112411,C210114,Female,26,Food & Beverage,4,20.92,Cash,6/10/2021,Metrocity
I150888,C255044,Male,34,Clothing,1,300.08,Cash,29/03/2022,Metropol AVM
I315854,C286017,Male,69,Cosmetics,4,162.64,Cash,19/03/2021,Metrocity
I307822,C958853,Female,65,Shoes,3,1800.51,Credit Card,16/02/2022,Cevahir AVM
I291322,C308837,Female,23,Food & Beverage,1,5.23,Cash,1/6/2021,Kanyon
I186663,C281091,Male,38,Toys,1,35.84,Debit Card,24/06/2021,Kanyon
I187056,C781336,Female,58,Clothing,4,1200.32,Debit Card,14/02/2022,Viaport Outlet
I665104,C279492,Male,57,Toys,4,143.36,Credit Card,24/11/2022,Metropol AVM
I111617,C596477,Female,23,Clothing,4,1200.32,Debit Card,31/01/2021,Kanyon
I294949,C183077,Female,59,Clothing,1,300.08,Credit Card,9/4/2021,Metrocity
I663372,C219911,Male,45,Clothing,1,300.08,Credit Card,27/02/2021,Emaar Square Mall
I309287,C105950,Female,18,Food & Beverage,1,5.23,Credit Card,18/11/2021,Kanyon
I232062,C525444,Female,36,Clothing,5,1500.4,Credit Card,22/01/2023,Zorlu Center
I284939,C249753,Male,22,Clothing,2,600.16,Cash,10/1/2021,Metropol AVM
I122562,C311054,Female,67,Food & Beverage,4,20.92,Cash,30/04/2022,Mall of Istanbul
I280765,C302543,Female,52,Food & Beverage,1,5.23,Cash,3/5/2021,Mall of Istanbul
I142776,C134304,Female,61,Toys,4,143.36,Credit Card,24/07/2022,Istinye Park
I134446,C661696,Female,53,Technology,5,5250,Cash,24/01/2023,Mall of Istanbul
I133409,C675926,Female,58,Food & Beverage,4,20.92,Credit Card,6/4/2022,Metrocity
I129352,C778532,Male,41,Clothing,1,300.08,Credit Card,11/5/2022,Mall of Istanbul
I966926,C200398,Male,18,Cosmetics,2,81.32,Cash,30/03/2022,Metrocity
I270554,C171005,Male,49,Clothing,1,300.08,Debit Card,25/05/2022,Mall of Istanbul
I196709,C288980,Male,59,Food & Beverage,2,10.46,Cash,21/10/2022,Kanyon
I118728,C405024,Female,60,Souvenir,1,11.73,Debit Card,16/03/2022,Kanyon
I696188,C267735,Male,18,Shoes,3,1800.51,Cash,31/05/2022,Kanyon
I579605,C265142,Male,61,Toys,5,179.2,Credit Card,8/7/2021,Mall of Istanbul
I332213,C222816,Female,44,Toys,1,35.84,Credit Card,11/5/2022,Viaport Outlet
I279647,C118891,Male,29,Food & Beverage,4,20.92,Credit Card,17/01/2021,Metropol AVM
I333945,C119178,Male,55,Shoes,4,2400.68,Debit Card,22/07/2021,Kanyon
I857629,C276799,Female,29,Food & Beverage,2,10.46,Debit Card,1/6/2021,Emaar Square Mall
I249709,C632255,Male,50,Clothing,5,1500.4,Cash,19/11/2022,Mall of Istanbul
I325283,C286948,Male,49,Toys,4,143.36,Cash,28/09/2022,Kanyon
I196243,C339730,Female,48,Technology,5,5250,Cash,1/9/2022,Metropol AVM
I474831,C234956,Female,29,Clothing,3,900.24,Credit Card,18/06/2021,Istinye Park
I130736,C158248,Male,31,Food & Beverage,3,15.69,Cash,19/12/2021,Istinye Park
I569878,C284032,Female,20,Clothing,5,1500.4,Credit Card,9/7/2022,Istinye Park
I333528,C358337,Female,26,Clothing,2,600.16,Cash,13/08/2022,Mall of Istanbul
I195189,C901256,Male,44,Food & Beverage,5,26.15,Cash,22/10/2022,Kanyon
I166891,C324326,Male,40,Food & Beverage,5,26.15,Debit Card,12/4/2022,Metropol AVM
I112704,C530904,Female,56,Books,2,30.3,Debit Card,21/08/2022,Kanyon
I297253,C271792,Female,54,Cosmetics,2,81.32,Credit Card,26/02/2023,Forum Istanbul
I203743,C222448,Female,26,Shoes,3,1800.51,Credit Card,8/4/2021,Zorlu Center
I265200,C103840,Male,36,Food & Beverage,5,26.15,Debit Card,26/05/2022,Metrocity
I333240,C182258,Female,18,Technology,1,1050,Debit Card,2/11/2022,Zorlu Center
I219114,C714830,Female,30,Food & Beverage,4,20.92,Debit Card,23/03/2021,Metropol AVM
I200841,C233821,Male,31,Cosmetics,4,162.64,Debit Card,31/08/2021,Mall of Istanbul
I373133,C332044,Male,34,Cosmetics,2,81.32,Debit Card,4/3/2023,Metropol AVM
I240467,C181413,Male,24,Clothing,5,1500.4,Cash,24/02/2021,Metropol AVM
I416224,C622332,Female,22,Clothing,5,1500.4,Cash,27/08/2022,Cevahir AVM
I121101,C616633,Male,20,Cosmetics,5,203.3,Cash,22/01/2021,Forum Istanbul
I314153,C145779,Female,29,Clothing,5,1500.4,Cash,30/06/2022,Mall of Istanbul
I882038,C277308,Female,46,Clothing,1,300.08,Cash,24/10/2022,Kanyon
I282619,C256210,Female,65,Clothing,5,1500.4,Credit Card,19/05/2022,Metropol AVM
I205482,C746946,Male,67,Souvenir,4,46.92,Credit Card,27/03/2021,Cevahir AVM
I251703,C578973,Male,58,Clothing,4,1200.32,Cash,6/3/2021,Metrocity
I106769,C329470,Female,68,Technology,4,4200,Cash,28/01/2022,Cevahir AVM
I164358,C226617,Female,45,Cosmetics,5,203.3,Cash,26/02/2023,Mall of Istanbul
I249941,C172759,Female,39,Technology,5,5250,Credit Card,26/04/2022,Zorlu Center
I142762,C346260,Female,50,Clothing,2,600.16,Cash,22/05/2021,Zorlu Center
I313414,C291704,Female,28,Clothing,4,1200.32,Debit Card,16/11/2022,Metrocity
I244667,C616684,Male,59,Cosmetics,2,81.32,Credit Card,18/11/2022,Mall of Istanbul
I136510,C211573,Female,32,Toys,2,71.68,Cash,14/02/2021,Metrocity
I335288,C189448,Female,48,Clothing,4,1200.32,Debit Card,17/01/2023,Istinye Park
I259343,C416091,Female,52,Cosmetics,4,162.64,Credit Card,2/3/2021,Mall of Istanbul
I237236,C285966,Female,38,Toys,5,179.2,Debit Card,24/05/2022,Metropol AVM
I313537,C741450,Male,27,Cosmetics,4,162.64,Debit Card,14/09/2022,Forum Istanbul
I240687,C126227,Female,30,Clothing,5,1500.4,Cash,22/08/2021,Mall of Istanbul
I464306,C194810,Female,33,Clothing,4,1200.32,Debit Card,24/12/2022,Kanyon
I296234,C174858,Female,22,Souvenir,4,46.92,Debit Card,12/8/2021,Kanyon
I242350,C696418,Male,27,Shoes,4,2400.68,Cash,24/03/2022,Istinye Park
I813872,C208186,Female,31,Technology,4,4200,Cash,16/01/2021,Metrocity
I845572,C274948,Male,21,Clothing,4,1200.32,Debit Card,4/1/2021,Metropol AVM
I493458,C162100,Male,69,Toys,5,179.2,Cash,27/01/2021,Viaport Outlet
I254574,C151765,Female,33,Clothing,1,300.08,Credit Card,11/10/2022,Emaar Square Mall
I976618,C222731,Male,40,Clothing,2,600.16,Cash,22/10/2021,Kanyon
I286422,C498099,Female,19,Cosmetics,5,203.3,Credit Card,13/08/2022,Kanyon
I162898,C274513,Male,61,Food & Beverage,5,26.15,Cash,1/11/2021,Metropol AVM
I131243,C138998,Female,39,Clothing,2,600.16,Cash,30/01/2021,Metropol AVM
I114357,C232082,Female,47,Cosmetics,3,121.98,Credit Card,13/01/2022,Istinye Park
I247431,C174510,Male,62,Cosmetics,2,81.32,Cash,6/7/2022,Metrocity
I140215,C225042,Female,48,Books,2,30.3,Cash,10/10/2022,Metrocity
I326768,C291640,Male,32,Clothing,4,1200.32,Cash,2/9/2021,Kanyon
I141207,C820324,Female,44,Food & Beverage,4,20.92,Credit Card,8/3/2021,Emaar Square Mall
I437250,C316917,Female,42,Cosmetics,1,40.66,Cash,27/08/2022,Metrocity
I184085,C175610,Female,33,Cosmetics,3,121.98,Credit Card,11/12/2021,Mall of Istanbul
I325304,C216518,Male,46,Shoes,2,1200.34,Cash,17/10/2022,Kanyon
I621813,C191402,Female,22,Cosmetics,5,203.3,Credit Card,4/8/2021,Istinye Park
I195287,C297159,Female,48,Clothing,4,1200.32,Cash,10/7/2022,Istinye Park
I129796,C191476,Female,36,Food & Beverage,1,5.23,Debit Card,8/2/2022,Mall of Istanbul
I624976,C207665,Female,23,Toys,3,107.52,Cash,15/12/2022,Kanyon
I791368,C177744,Female,26,Clothing,4,1200.32,Debit Card,15/01/2023,Kanyon
I679342,C334488,Female,21,Clothing,1,300.08,Credit Card,19/07/2021,Kanyon
I193539,C324522,Male,28,Food & Beverage,2,10.46,Debit Card,12/4/2021,Zorlu Center
I120822,C150821,Male,28,Technology,4,4200,Credit Card,2/9/2021,Metrocity
I323337,C292725,Female,61,Books,1,15.15,Cash,2/5/2022,Metrocity
I637277,C188136,Male,54,Toys,1,35.84,Cash,8/1/2023,Metrocity
I224902,C166297,Male,22,Toys,5,179.2,Cash,22/11/2021,Istinye Park
I102691,C253781,Female,35,Souvenir,3,35.19,Credit Card,6/10/2021,Metropol AVM
I400280,C328715,Female,68,Clothing,1,300.08,Cash,16/07/2022,Kanyon
I952068,C232613,Male,20,Cosmetics,5,203.3,Cash,16/05/2022,Istinye Park
I302962,C105522,Female,67,Cosmetics,1,40.66,Debit Card,28/02/2023,Metropol AVM
I148663,C361050,Female,69,Clothing,5,1500.4,Credit Card,10/8/2022,Metropol AVM
I235477,C110509,Male,55,Shoes,1,600.17,Credit Card,23/12/2022,Kanyon
I291634,C932668,Female,50,Souvenir,2,23.46,Credit Card,12/9/2022,Cevahir AVM
I460642,C126370,Male,49,Food & Beverage,2,10.46,Cash,15/04/2021,Istinye Park
I182326,C205376,Male,64,Food & Beverage,1,5.23,Cash,13/12/2021,Metropol AVM
I589002,C113407,Female,51,Clothing,2,600.16,Cash,28/11/2021,Mall of Istanbul
I788289,C329477,Female,43,Food & Beverage,4,20.92,Credit Card,28/10/2021,Metropol AVM
I336452,C201896,Female,53,Shoes,2,1200.34,Cash,26/09/2021,Mall of Istanbul
I209474,C196878,Female,60,Shoes,3,1800.51,Credit Card,2/7/2022,Viaport Outlet
I227274,C269012,Male,23,Clothing,2,600.16,Credit Card,28/11/2021,Metrocity
I298831,C206539,Female,43,Clothing,1,300.08,Credit Card,17/02/2021,Istinye Park
I107193,C186879,Male,66,Technology,1,1050,Credit Card,2/6/2022,Cevahir AVM
I884076,C356938,Female,57,Cosmetics,3,121.98,Credit Card,29/12/2021,Istinye Park
I118678,C185467,Male,28,Toys,3,107.52,Cash,9/1/2022,Mall of Istanbul
I836242,C688903,Female,25,Clothing,5,1500.4,Cash,26/12/2021,Emaar Square Mall
I471569,C140681,Male,67,Toys,2,71.68,Cash,2/8/2021,Metrocity
I274170,C270308,Female,27,Technology,4,4200,Credit Card,25/09/2022,Metropol AVM
I146414,C496622,Male,40,Clothing,3,900.24,Credit Card,8/11/2021,Viaport Outlet
I311699,C214511,Female,67,Clothing,5,1500.4,Cash,10/11/2021,Emaar Square Mall
I612820,C297835,Female,62,Clothing,5,1500.4,Cash,21/04/2022,Mall of Istanbul
I842867,C157839,Male,61,Food & Beverage,2,10.46,Cash,9/11/2022,Kanyon
I311956,C321681,Male,21,Clothing,3,900.24,Cash,26/02/2021,Emaar Square Mall
I385465,C159618,Female,51,Cosmetics,4,162.64,Credit Card,29/07/2021,Istinye Park
I152311,C124315,Male,21,Clothing,2,600.16,Cash,21/06/2022,Metrocity
I113943,C290813,Male,51,Toys,3,107.52,Credit Card,3/11/2022,Metropol AVM
I845767,C283060,Male,29,Clothing,4,1200.32,Credit Card,1/7/2022,Istinye Park
I147334,C306395,Male,35,Clothing,2,600.16,Cash,12/1/2022,Viaport Outlet
I176509,C235441,Female,18,Food & Beverage,2,10.46,Credit Card,21/07/2022,Kanyon
I438142,C190480,Female,58,Toys,5,179.2,Credit Card,21/11/2021,Istinye Park
I310130,C283508,Female,49,Toys,2,71.68,Cash,25/10/2021,Metropol AVM
I390811,C258121,Male,63,Clothing,5,1500.4,Credit Card,6/3/2021,Mall of Istanbul
I192709,C104719,Male,33,Food & Beverage,3,15.69,Credit Card,18/01/2022,Mall of Istanbul
I260174,C221615,Female,65,Cosmetics,1,40.66,Cash,19/06/2022,Istinye Park
I337740,C687464,Male,63,Shoes,1,600.17,Cash,18/06/2022,Metropol AVM
I108470,C205585,Male,45,Cosmetics,4,162.64,Cash,15/11/2021,Istinye Park
I185424,C320141,Female,42,Souvenir,5,58.65,Debit Card,2/10/2021,Kanyon
I182057,C273758,Male,22,Shoes,5,3000.85,Cash,23/01/2022,Metrocity
I781279,C124294,Female,68,Clothing,5,1500.4,Cash,2/6/2021,Mall of Istanbul
I152158,C919146,Female,28,Technology,3,3150,Cash,11/1/2021,Istinye Park
I440700,C233201,Female,44,Souvenir,1,11.73,Credit Card,21/02/2022,Istinye Park
I247922,C108716,Female,52,Clothing,4,1200.32,Cash,11/2/2021,Kanyon
I681172,C177913,Female,42,Technology,4,4200,Credit Card,24/10/2022,Istinye Park
I303440,C494223,Male,44,Toys,4,143.36,Cash,16/02/2023,Mall of Istanbul
I293351,C148741,Female,39,Clothing,2,600.16,Cash,9/9/2021,Mall of Istanbul
I776416,C128813,Female,53,Technology,1,1050,Debit Card,14/09/2022,Mall of Istanbul
I237569,C316795,Female,25,Toys,4,143.36,Credit Card,26/05/2022,Istinye Park
I294066,C992128,Female,24,Toys,4,143.36,Credit Card,21/07/2021,Kanyon
I172811,C183735,Male,50,Clothing,1,300.08,Credit Card,1/2/2021,Istinye Park
I106962,C279328,Female,33,Shoes,3,1800.51,Credit Card,12/1/2022,Metrocity
I202386,C231666,Female,45,Cosmetics,3,121.98,Cash,7/1/2021,Istinye Park
I392623,C233732,Female,41,Technology,3,3150,Cash,26/10/2021,Metrocity
I113399,C274619,Female,25,Toys,5,179.2,Credit Card,21/01/2023,Kanyon
I254989,C441209,Female,47,Souvenir,3,35.19,Debit Card,24/09/2021,Cevahir AVM
I963696,C344382,Male,67,Food & Beverage,4,20.92,Credit Card,18/08/2021,Mall of Istanbul
I171245,C706036,Female,42,Cosmetics,3,121.98,Cash,22/04/2021,Mall of Istanbul
I284347,C675820,Female,38,Cosmetics,5,203.3,Cash,3/8/2021,Istinye Park
I100127,C708853,Male,38,Clothing,2,600.16,Debit Card,16/11/2021,Cevahir AVM
I793232,C297178,Female,68,Souvenir,4,46.92,Credit Card,4/8/2022,Emaar Square Mall
I407536,C175331,Male,21,Clothing,3,900.24,Cash,30/05/2021,Mall of Istanbul
I277591,C376961,Male,27,Clothing,1,300.08,Cash,15/09/2022,Kanyon
I888577,C934489,Female,52,Clothing,3,900.24,Debit Card,7/11/2021,Zorlu Center
I224571,C207629,Male,58,Food & Beverage,5,26.15,Credit Card,16/01/2021,Metrocity
I279158,C177938,Female,58,Clothing,2,600.16,Cash,7/11/2022,Mall of Istanbul
I319032,C269857,Male,53,Clothing,1,300.08,Credit Card,25/04/2022,Metrocity
I195360,C153931,Male,63,Food & Beverage,1,5.23,Credit Card,1/10/2021,Mall of Istanbul
I332674,C147272,Female,51,Toys,4,143.36,Cash,29/05/2022,Istinye Park
I418947,C387635,Male,67,Toys,3,107.52,Credit Card,4/3/2021,Zorlu Center
I187403,C300022,Female,44,Souvenir,5,58.65,Credit Card,20/07/2021,Forum Istanbul
I271045,C235586,Female,32,Toys,2,71.68,Credit Card,14/11/2021,Kanyon
I171712,C223731,Female,65,Technology,5,5250,Credit Card,6/5/2021,Metrocity
I369874,C380581,Female,41,Shoes,3,1800.51,Debit Card,29/01/2023,Kanyon
I119387,C172361,Female,56,Food & Beverage,3,15.69,Credit Card,10/2/2022,Mall of Istanbul
I270779,C188608,Female,40,Shoes,4,2400.68,Credit Card,29/03/2021,Metropol AVM
I561334,C626314,Female,61,Clothing,4,1200.32,Cash,19/10/2022,Mall of Istanbul
I279899,C222810,Female,30,Souvenir,3,35.19,Cash,15/09/2022,Mall of Istanbul
I136610,C211545,Female,44,Cosmetics,4,162.64,Credit Card,31/01/2021,Mall of Istanbul
I333093,C185616,Female,63,Souvenir,3,35.19,Credit Card,13/12/2022,Viaport Outlet
I315766,C474740,Female,43,Cosmetics,2,81.32,Credit Card,10/10/2021,Metrocity
I288651,C256451,Male,57,Souvenir,2,23.46,Credit Card,8/8/2022,Istinye Park
I227282,C325265,Female,33,Shoes,5,3000.85,Cash,15/05/2022,Metrocity
I332608,C788570,Female,65,Clothing,5,1500.4,Cash,11/5/2022,Istinye Park
I157910,C284341,Female,20,Clothing,1,300.08,Cash,8/6/2022,Viaport Outlet
I277528,C269117,Female,36,Technology,3,3150,Cash,2/6/2022,Mall of Istanbul
I277186,C334187,Male,20,Clothing,5,1500.4,Credit Card,7/2/2021,Viaport Outlet
I101281,C177781,Male,50,Clothing,4,1200.32,Debit Card,2/3/2022,Emaar Square Mall
I235282,C259573,Female,39,Clothing,3,900.24,Debit Card,12/10/2021,Istinye Park
I152231,C217149,Male,24,Shoes,4,2400.68,Credit Card,11/1/2022,Zorlu Center
I695344,C202776,Male,63,Clothing,5,1500.4,Credit Card,29/05/2022,Kanyon
I152878,C274227,Male,33,Toys,4,143.36,Credit Card,11/1/2022,Mall of Istanbul
I322376,C111109,Male,29,Cosmetics,2,81.32,Credit Card,24/04/2022,Metrocity
I411580,C228235,Female,34,Clothing,5,1500.4,Credit Card,25/01/2022,Metropol AVM
I322487,C734246,Female,67,Shoes,4,2400.68,Debit Card,24/12/2021,Metropol AVM
I825913,C294849,Male,58,Clothing,5,1500.4,Debit Card,26/10/2022,Mall of Istanbul
I225721,C201326,Female,51,Clothing,4,1200.32,Debit Card,13/03/2021,Kanyon
I117117,C257447,Female,35,Cosmetics,3,121.98,Cash,2/3/2023,Viaport Outlet
I263107,C706928,Female,42,Clothing,2,600.16,Credit Card,13/06/2022,Kanyon
I560695,C857522,Female,50,Souvenir,3,35.19,Credit Card,10/7/2021,Metrocity
I622474,C711240,Female,52,Clothing,4,1200.32,Credit Card,17/09/2021,Metropol AVM
I225847,C259421,Male,69,Clothing,4,1200.32,Cash,31/01/2022,Zorlu Center
I249291,C231066,Male,23,Clothing,5,1500.4,Cash,1/11/2021,Mall of Istanbul
I673325,C809191,Female,27,Cosmetics,1,40.66,Cash,18/06/2021,Kanyon
I346636,C483696,Female,20,Shoes,2,1200.34,Cash,18/08/2021,Metropol AVM
I411070,C735771,Male,67,Cosmetics,3,121.98,Cash,2/2/2023,Mall of Istanbul
I903892,C295983,Male,28,Books,5,75.75,Credit Card,4/1/2022,Viaport Outlet
I309911,C315610,Female,59,Clothing,4,1200.32,Cash,11/2/2022,Cevahir AVM
I762214,C281667,Male,57,Food & Beverage,5,26.15,Cash,31/01/2022,Mall of Istanbul
I229920,C369496,Female,37,Shoes,5,3000.85,Credit Card,11/2/2021,Mall of Istanbul
I694305,C283194,Male,45,Food & Beverage,1,5.23,Debit Card,20/01/2021,Metropol AVM
I294302,C755756,Male,47,Shoes,1,600.17,Cash,3/11/2022,Metrocity
I207133,C249455,Female,30,Clothing,3,900.24,Cash,1/3/2023,Kanyon
I114655,C259801,Male,35,Cosmetics,4,162.64,Cash,9/4/2021,Zorlu Center
I197372,C436908,Female,29,Cosmetics,2,81.32,Debit Card,25/01/2023,Emaar Square Mall
I244304,C451554,Female,59,Toys,3,107.52,Cash,3/5/2021,Mall of Istanbul
I166797,C133015,Male,40,Cosmetics,3,121.98,Credit Card,18/06/2022,Metrocity
I106878,C424563,Male,51,Shoes,4,2400.68,Cash,27/03/2022,Metropol AVM
I248332,C143604,Male,23,Clothing,3,900.24,Cash,3/11/2021,Kanyon
I215368,C256225,Female,31,Clothing,3,900.24,Debit Card,3/6/2022,Metrocity
I253936,C166946,Female,59,Cosmetics,3,121.98,Cash,9/2/2023,Metrocity
I684486,C672438,Female,19,Cosmetics,2,81.32,Credit Card,10/2/2023,Metrocity
I309413,C203559,Female,68,Cosmetics,3,121.98,Cash,24/01/2022,Viaport Outlet
I257639,C323139,Female,62,Souvenir,4,46.92,Debit Card,1/2/2021,Metrocity
I555538,C745351,Female,62,Cosmetics,5,203.3,Cash,24/01/2023,Metropol AVM
I113703,C166145,Female,41,Clothing,1,300.08,Cash,1/8/2021,Kanyon
I186725,C339679,Female,61,Technology,5,5250,Debit Card,27/01/2023,Kanyon
I199472,C572042,Female,30,Toys,1,35.84,Credit Card,11/5/2022,Metrocity
I707856,C117971,Male,52,Food & Beverage,5,26.15,Credit Card,24/10/2022,Metropol AVM
I227248,C203276,Male,46,Clothing,1,300.08,Debit Card,14/12/2022,Kanyon
I820281,C851456,Female,19,Clothing,5,1500.4,Debit Card,17/02/2023,Kanyon
I100149,C193896,Female,65,Food & Beverage,5,26.15,Cash,17/11/2021,Mall of Istanbul
I240556,C278524,Male,18,Technology,2,2100,Debit Card,10/2/2021,Kanyon
I304123,C232333,Male,53,Food & Beverage,2,10.46,Debit Card,10/11/2022,Mall of Istanbul
I563195,C187346,Male,64,Clothing,1,300.08,Credit Card,20/10/2021,Kanyon
I133316,C976316,Male,22,Technology,1,1050,Cash,31/01/2022,Mall of Istanbul
I814775,C203151,Female,41,Clothing,3,900.24,Cash,23/11/2022,Mall of Istanbul
I126874,C202660,Female,51,Toys,4,143.36,Cash,11/2/2022,Mall of Istanbul
I233758,C325757,Female,61,Clothing,3,900.24,Cash,22/01/2023,Istinye Park
I420218,C159981,Male,25,Cosmetics,2,81.32,Credit Card,26/02/2023,Mall of Istanbul
I337872,C334931,Female,68,Clothing,2,600.16,Cash,22/05/2022,Metropol AVM
I454917,C267561,Female,40,Books,4,60.6,Cash,16/09/2021,Emaar Square Mall
I885039,C334397,Female,67,Toys,2,71.68,Debit Card,22/05/2022,Istinye Park
I882662,C391524,Female,28,Shoes,4,2400.68,Credit Card,6/10/2021,Metrocity
I222025,C396339,Male,30,Technology,3,3150,Credit Card,14/03/2022,Mall of Istanbul
I662653,C182618,Male,31,Food & Beverage,5,26.15,Cash,16/07/2022,Mall of Istanbul
I335586,C178388,Female,58,Toys,5,179.2,Credit Card,10/1/2023,Forum Istanbul
I239700,C295509,Female,59,Shoes,2,1200.34,Cash,25/03/2021,Kanyon
I490089,C304778,Male,57,Cosmetics,1,40.66,Debit Card,8/3/2023,Kanyon
I117704,C183652,Female,35,Toys,2,71.68,Cash,22/07/2021,Istinye Park
I276002,C146415,Female,68,Clothing,4,1200.32,Credit Card,12/5/2021,Zorlu Center
I175679,C386790,Female,45,Clothing,1,300.08,Debit Card,16/02/2021,Istinye Park
I327722,C338141,Female,36,Shoes,3,1800.51,Credit Card,11/11/2022,Mall of Istanbul
I315762,C283087,Female,45,Cosmetics,2,81.32,Debit Card,28/05/2022,Metropol AVM
I224003,C264541,Male,41,Cosmetics,5,203.3,Cash,16/01/2023,Viaport Outlet
I311570,C188717,Male,63,Toys,5,179.2,Cash,25/09/2022,Forum Istanbul
I171441,C131909,Male,30,Technology,5,5250,Cash,8/4/2021,Metrocity
I109529,C238438,Female,22,Shoes,4,2400.68,Debit Card,21/09/2022,Viaport Outlet
I190347,C965148,Male,21,Shoes,3,1800.51,Credit Card,10/4/2021,Kanyon
I136336,C246819,Female,50,Shoes,2,1200.34,Credit Card,24/12/2021,Mall of Istanbul
I914180,C190059,Male,45,Clothing,5,1500.4,Debit Card,20/07/2021,Metrocity
I699613,C106356,Male,30,Clothing,3,900.24,Debit Card,1/11/2021,Emaar Square Mall
I262261,C125961,Male,64,Cosmetics,2,81.32,Cash,25/01/2021,Forum Istanbul
I175534,C127052,Female,36,Clothing,5,1500.4,Cash,17/03/2022,Mall of Istanbul
I170143,C785073,Female,42,Technology,1,1050,Credit Card,9/11/2022,Zorlu Center
I357973,C174967,Male,30,Clothing,3,900.24,Cash,23/01/2021,Mall of Istanbul
I166427,C171367,Male,63,Clothing,2,600.16,Cash,9/8/2021,Istinye Park
I262159,C120248,Male,67,Clothing,5,1500.4,Cash,12/12/2021,Metrocity
I180221,C152581,Female,37,Cosmetics,1,40.66,Debit Card,27/09/2022,Metropol AVM
I343253,C155678,Female,65,Souvenir,2,23.46,Credit Card,16/09/2022,Mall of Istanbul
I321262,C336118,Male,29,Clothing,3,900.24,Cash,7/5/2022,Emaar Square Mall
I157916,C269330,Female,42,Books,2,30.3,Cash,15/01/2021,Kanyon
I123376,C207148,Female,36,Shoes,4,2400.68,Cash,17/01/2021,Istinye Park
I529333,C479843,Female,19,Clothing,5,1500.4,Cash,16/02/2021,Viaport Outlet
I294607,C247837,Male,46,Shoes,1,600.17,Cash,28/10/2021,Kanyon
I122677,C252620,Female,62,Cosmetics,2,81.32,Cash,20/08/2021,Metrocity
I528108,C131221,Male,24,Books,1,15.15,Debit Card,16/10/2022,Metropol AVM
I379436,C183889,Male,60,Technology,4,4200,Debit Card,6/8/2022,Zorlu Center
I497242,C187902,Female,35,Cosmetics,1,40.66,Debit Card,12/5/2022,Mall of Istanbul
I273838,C393443,Female,33,Clothing,1,300.08,Cash,16/08/2022,Forum Istanbul
I146106,C263414,Female,26,Food & Beverage,1,5.23,Credit Card,7/2/2023,Metropol AVM
I217049,C822536,Female,69,Clothing,3,900.24,Cash,24/09/2021,Metrocity
I224979,C227489,Female,40,Food & Beverage,3,15.69,Credit Card,24/03/2022,Kanyon
I305434,C103691,Male,68,Clothing,2,600.16,Cash,1/12/2022,Emaar Square Mall
I154860,C248024,Male,66,Clothing,5,1500.4,Cash,4/3/2023,Viaport Outlet
I610582,C320779,Male,62,Cosmetics,4,162.64,Debit Card,14/02/2021,Metropol AVM
I304284,C703044,Male,33,Cosmetics,5,203.3,Cash,24/01/2021,Istinye Park
I328798,C186608,Male,61,Toys,1,35.84,Cash,19/12/2022,Metrocity
I297885,C755514,Female,49,Toys,4,143.36,Credit Card,13/01/2023,Viaport Outlet
I492691,C263089,Female,28,Books,4,60.6,Cash,12/1/2021,Istinye Park
I210738,C168311,Female,67,Toys,2,71.68,Cash,18/01/2022,Kanyon
I275176,C856835,Male,66,Clothing,2,600.16,Cash,6/7/2022,Metrocity
I760684,C282421,Male,42,Technology,1,1050,Credit Card,27/09/2022,Mall of Istanbul
I299003,C271265,Male,43,Clothing,5,1500.4,Credit Card,4/1/2021,Kanyon
I707304,C203910,Female,50,Clothing,4,1200.32,Debit Card,2/11/2022,Metropol AVM
I232889,C806820,Male,40,Books,2,30.3,Cash,1/2/2021,Mall of Istanbul
I808238,C336400,Male,25,Shoes,2,1200.34,Credit Card,14/07/2022,Mall of Istanbul
I107791,C224547,Female,41,Books,5,75.75,Credit Card,14/01/2021,Mall of Istanbul
I308416,C294087,Female,57,Food & Beverage,2,10.46,Credit Card,10/1/2022,Cevahir AVM
I297768,C310310,Male,56,Clothing,4,1200.32,Cash,6/11/2021,Istinye Park
I113786,C795734,Female,64,Toys,1,35.84,Credit Card,20/10/2021,Istinye Park
I577436,C215267,Female,43,Cosmetics,2,81.32,Credit Card,22/01/2023,Mall of Istanbul
I221408,C274690,Male,36,Clothing,1,300.08,Credit Card,28/01/2022,Zorlu Center
I283120,C285499,Female,20,Toys,3,107.52,Debit Card,14/10/2022,Kanyon
I134201,C339705,Female,66,Souvenir,3,35.19,Cash,21/07/2021,Metrocity
I718660,C241159,Female,37,Clothing,2,600.16,Credit Card,29/07/2022,Metrocity
I229891,C184327,Male,22,Toys,4,143.36,Cash,13/11/2021,Istinye Park
I113357,C118792,Male,49,Shoes,1,600.17,Cash,12/12/2021,Cevahir AVM
I321045,C673253,Female,64,Food & Beverage,4,20.92,Credit Card,27/02/2023,Istinye Park
I320314,C636797,Male,25,Shoes,3,1800.51,Cash,25/06/2022,Kanyon
I320854,C154407,Female,27,Food & Beverage,1,5.23,Cash,18/01/2023,Kanyon
I226332,C148173,Female,68,Cosmetics,4,162.64,Debit Card,18/01/2021,Cevahir AVM
I100866,C265260,Female,54,Food & Beverage,3,15.69,Cash,16/08/2021,Metrocity
I278566,C200111,Female,69,Clothing,2,600.16,Credit Card,8/1/2022,Zorlu Center
I132303,C910511,Male,21,Clothing,2,600.16,Credit Card,22/10/2022,Emaar Square Mall
I204147,C252021,Female,20,Shoes,3,1800.51,Credit Card,5/11/2022,Kanyon
I291095,C178796,Male,20,Clothing,5,1500.4,Cash,25/09/2022,Metropol AVM
I122655,C989693,Female,32,Technology,2,2100,Credit Card,21/02/2021,Metropol AVM
I162243,C279476,Female,20,Clothing,3,900.24,Cash,2/3/2022,Metrocity
I151277,C615032,Male,23,Food & Beverage,1,5.23,Cash,1/12/2022,Kanyon
I162695,C335561,Female,37,Clothing,2,600.16,Debit Card,17/06/2021,Forum Istanbul
I250795,C119128,Female,49,Cosmetics,3,121.98,Cash,26/10/2022,Kanyon
I295539,C238993,Female,33,Shoes,1,600.17,Cash,18/12/2021,Emaar Square Mall
I575661,C305286,Male,35,Cosmetics,4,162.64,Credit Card,28/01/2021,Metrocity
I336493,C327646,Female,62,Clothing,3,900.24,Cash,16/02/2022,Zorlu Center
I182128,C207936,Male,61,Cosmetics,4,162.64,Credit Card,7/10/2022,Kanyon
I295921,C132927,Male,49,Clothing,1,300.08,Cash,6/12/2021,Metropol AVM
I311740,C946398,Male,20,Clothing,2,600.16,Credit Card,20/12/2022,Emaar Square Mall
I108154,C274251,Female,41,Toys,3,107.52,Credit Card,8/3/2022,Istinye Park
I222035,C109488,Female,36,Cosmetics,5,203.3,Cash,13/01/2021,Metrocity
I242584,C313940,Male,59,Food & Beverage,4,20.92,Cash,8/11/2021,Kanyon
I944773,C103671,Female,69,Shoes,4,2400.68,Credit Card,13/02/2023,Emaar Square Mall
I120882,C289579,Male,29,Clothing,5,1500.4,Cash,3/6/2021,Cevahir AVM
I115016,C172858,Female,37,Books,4,60.6,Debit Card,21/09/2022,Metrocity
I192317,C965391,Male,24,Clothing,1,300.08,Credit Card,15/02/2023,Istinye Park
I134802,C224132,Male,18,Clothing,1,300.08,Debit Card,2/2/2021,Metrocity
I175871,C128561,Female,46,Cosmetics,2,81.32,Cash,17/09/2021,Metropol AVM
I172806,C294328,Female,50,Shoes,5,3000.85,Debit Card,7/11/2021,Kanyon
I102819,C309720,Male,53,Food & Beverage,2,10.46,Cash,26/10/2022,Zorlu Center
I477125,C100157,Female,42,Cosmetics,5,203.3,Credit Card,25/04/2022,Mall of Istanbul
I249166,C209922,Female,62,Clothing,1,300.08,Debit Card,12/3/2021,Istinye Park
I320869,C163551,Female,49,Food & Beverage,4,20.92,Cash,22/07/2022,Metropol AVM
I977482,C254066,Female,27,Clothing,2,600.16,Cash,26/12/2021,Istinye Park
I258534,C922102,Male,44,Technology,5,5250,Credit Card,5/5/2022,Zorlu Center
I225249,C254360,Male,53,Toys,2,71.68,Cash,17/05/2021,Forum Istanbul
I436124,C148000,Male,37,Food & Beverage,5,26.15,Credit Card,24/02/2021,Metrocity
I236156,C581213,Male,28,Clothing,1,300.08,Cash,1/4/2022,Metrocity
I215094,C300779,Male,52,Food & Beverage,4,20.92,Debit Card,16/01/2023,Metrocity
I268864,C306324,Male,27,Clothing,1,300.08,Debit Card,30/05/2021,Istinye Park
I206949,C133603,Female,63,Clothing,5,1500.4,Cash,19/07/2021,Mall of Istanbul
I305179,C800856,Female,48,Cosmetics,3,121.98,Cash,17/01/2023,Kanyon
I236815,C302290,Male,48,Food & Beverage,5,26.15,Credit Card,23/09/2021,Kanyon
I201037,C556749,Male,58,Clothing,5,1500.4,Debit Card,12/11/2022,Zorlu Center
I428089,C181357,Female,26,Food & Beverage,4,20.92,Cash,29/01/2022,Kanyon
I130262,C261210,Male,20,Clothing,3,900.24,Debit Card,5/5/2022,Emaar Square Mall
I115378,C439725,Female,67,Toys,4,143.36,Debit Card,19/01/2023,Cevahir AVM
I194790,C153126,Female,66,Cosmetics,5,203.3,Debit Card,27/11/2022,Zorlu Center
I233534,C690667,Female,22,Clothing,2,600.16,Credit Card,20/11/2021,Kanyon
I218421,C202016,Male,19,Clothing,3,900.24,Cash,13/09/2022,Istinye Park
I892919,C268561,Female,64,Food & Beverage,5,26.15,Credit Card,30/03/2021,Mall of Istanbul
I173033,C983589,Male,28,Souvenir,4,46.92,Debit Card,26/08/2022,Metrocity
I256663,C319943,Male,40,Cosmetics,3,121.98,Credit Card,6/8/2022,Metropol AVM
I268438,C996110,Male,49,Clothing,3,900.24,Cash,20/01/2021,Cevahir AVM
I216982,C269751,Female,48,Souvenir,4,46.92,Cash,2/1/2023,Metrocity
I311832,C224312,Female,63,Souvenir,1,11.73,Credit Card,2/2/2023,Metropol AVM
I771642,C221669,Female,57,Clothing,1,300.08,Cash,10/3/2022,Metropol AVM
I222900,C291441,Male,43,Souvenir,3,35.19,Debit Card,24/09/2021,Istinye Park
I545179,C631270,Female,24,Food & Beverage,1,5.23,Cash,18/08/2021,Mall of Istanbul
I923421,C180785,Male,36,Food & Beverage,1,5.23,Credit Card,24/06/2021,Forum Istanbul
I204736,C311306,Female,44,Food & Beverage,2,10.46,Cash,21/12/2021,Istinye Park
I338721,C729080,Female,29,Books,4,60.6,Credit Card,3/3/2021,Istinye Park
I316540,C116595,Female,43,Clothing,1,300.08,Credit Card,21/01/2022,Forum Istanbul
I679377,C835798,Male,57,Toys,1,35.84,Cash,14/07/2022,Kanyon
I176494,C273616,Female,68,Food & Beverage,3,15.69,Credit Card,8/10/2021,Mall of Istanbul
I354823,C512053,Male,56,Cosmetics,3,121.98,Cash,24/11/2021,Metropol AVM
I247291,C339484,Female,66,Clothing,1,300.08,Cash,12/9/2021,Kanyon
I208919,C825929,Female,18,Clothing,3,900.24,Cash,25/10/2021,Kanyon
I149321,C114040,Male,20,Toys,3,107.52,Cash,7/4/2021,Mall of Istanbul
I264477,C128099,Female,45,Books,5,75.75,Credit Card,17/08/2022,Viaport Outlet
I707352,C203016,Male,69,Food & Beverage,5,26.15,Cash,7/2/2023,Mall of Istanbul
I312231,C319416,Male,27,Shoes,1,600.17,Cash,2/8/2021,Kanyon
I309701,C104421,Male,67,Clothing,4,1200.32,Cash,15/08/2022,Mall of Istanbul
I271375,C664537,Female,40,Books,1,15.15,Cash,3/9/2022,Kanyon
I126803,C281463,Female,57,Shoes,3,1800.51,Cash,25/10/2022,Emaar Square Mall
I278250,C360950,Male,39,Books,2,30.3,Cash,26/01/2023,Viaport Outlet
I179382,C137407,Female,35,Clothing,3,900.24,Cash,3/9/2022,Kanyon
I248456,C205012,Female,45,Cosmetics,4,162.64,Credit Card,6/7/2021,Metrocity
I295433,C220749,Male,23,Clothing,2,600.16,Credit Card,3/4/2022,Kanyon
I537517,C102047,Female,38,Clothing,2,600.16,Debit Card,28/03/2021,Emaar Square Mall
I658572,C183717,Female,63,Food & Beverage,2,10.46,Credit Card,9/12/2021,Metrocity
I154401,C229706,Female,48,Food & Beverage,3,15.69,Cash,4/5/2022,Mall of Istanbul
I175077,C235042,Female,61,Souvenir,1,11.73,Cash,23/10/2021,Zorlu Center
I335650,C245681,Female,42,Clothing,5,1500.4,Credit Card,30/01/2023,Mall of Istanbul
I293407,C236697,Male,24,Clothing,2,600.16,Cash,14/04/2022,Kanyon
I586446,C485114,Female,35,Shoes,2,1200.34,Credit Card,2/5/2022,Metrocity
I165051,C331305,Female,33,Food & Beverage,2,10.46,Cash,12/5/2021,Mall of Istanbul
I237308,C263024,Female,53,Souvenir,1,11.73,Credit Card,27/01/2022,Istinye Park
I320832,C204926,Female,65,Cosmetics,3,121.98,Credit Card,9/10/2022,Zorlu Center
I601516,C881570,Female,21,Clothing,2,600.16,Cash,20/04/2021,Istinye Park
I162717,C145201,Female,22,Cosmetics,1,40.66,Credit Card,8/7/2022,Mall of Istanbul
I315043,C304900,Male,37,Souvenir,2,23.46,Cash,11/1/2023,Metrocity
I162978,C119143,Female,30,Shoes,3,1800.51,Credit Card,27/02/2021,Forum Istanbul
I731999,C255353,Male,50,Cosmetics,3,121.98,Credit Card,1/9/2022,Mall of Istanbul
I327269,C791052,Female,44,Clothing,3,900.24,Cash,10/1/2022,Kanyon
I187794,C170507,Male,45,Food & Beverage,4,20.92,Cash,29/03/2022,Metrocity
I177452,C228402,Male,68,Clothing,4,1200.32,Credit Card,21/01/2021,Cevahir AVM
I219506,C305888,Male,41,Shoes,5,3000.85,Debit Card,19/10/2021,Mall of Istanbul
I231679,C189222,Male,69,Toys,2,71.68,Cash,28/02/2022,Metrocity
I761890,C195424,Female,28,Technology,5,5250,Credit Card,20/11/2022,Viaport Outlet
I121553,C597157,Female,67,Shoes,2,1200.34,Cash,5/3/2023,Kanyon
I639618,C210171,Female,38,Clothing,5,1500.4,Cash,28/06/2021,Metropol AVM
I168421,C644797,Female,51,Toys,3,107.52,Cash,26/12/2021,Zorlu Center
I284301,C632579,Male,31,Souvenir,3,35.19,Cash,2/1/2022,Cevahir AVM
I337799,C146175,Male,45,Clothing,4,1200.32,Cash,19/06/2021,Forum Istanbul
I279182,C200650,Male,30,Souvenir,3,35.19,Cash,24/03/2022,Kanyon
I811487,C213353,Female,31,Shoes,2,1200.34,Debit Card,12/10/2022,Metropol AVM
I120383,C220729,Female,40,Clothing,2,600.16,Cash,29/08/2021,Kanyon
I293167,C240568,Male,45,Clothing,3,900.24,Credit Card,1/3/2021,Metrocity
I257154,C333527,Female,40,Clothing,3,900.24,Credit Card,8/7/2022,Kanyon
I272955,C188345,Female,33,Cosmetics,5,203.3,Credit Card,12/2/2021,Metropol AVM
I314842,C432820,Male,25,Toys,2,71.68,Debit Card,5/5/2021,Metrocity
I292681,C304575,Female,24,Clothing,3,900.24,Cash,19/07/2022,Cevahir AVM
I119267,C155729,Male,60,Food & Beverage,3,15.69,Debit Card,25/07/2022,Metropol AVM
I218639,C326550,Male,20,Clothing,1,300.08,Debit Card,2/8/2022,Metropol AVM
I199968,C160965,Male,69,Cosmetics,4,162.64,Debit Card,5/2/2021,Metropol AVM
I311425,C275268,Male,56,Clothing,1,300.08,Credit Card,24/12/2022,Istinye Park
I218601,C921479,Male,65,Clothing,1,300.08,Cash,1/11/2021,Metropol AVM
I339036,C198133,Female,24,Technology,4,4200,Credit Card,4/7/2021,Zorlu Center
I812677,C100894,Female,59,Clothing,2,600.16,Credit Card,8/3/2023,Metrocity
I135905,C152611,Female,26,Clothing,1,300.08,Cash,8/12/2022,Viaport Outlet
I224867,C147876,Male,47,Cosmetics,1,40.66,Credit Card,14/02/2023,Metrocity
I211492,C339586,Female,52,Clothing,3,900.24,Debit Card,15/03/2021,Kanyon
I708039,C279513,Female,33,Cosmetics,4,162.64,Cash,9/11/2022,Zorlu Center
I385308,C153629,Male,53,Technology,1,1050,Debit Card,23/02/2023,Metrocity
I772985,C589366,Female,65,Shoes,1,600.17,Credit Card,28/06/2022,Metrocity
I201122,C892980,Male,20,Food & Beverage,1,5.23,Credit Card,25/10/2021,Istinye Park
I118780,C100725,Female,55,Clothing,1,300.08,Cash,23/01/2022,Metrocity
I172349,C606591,Male,59,Clothing,2,600.16,Credit Card,4/12/2022,Mall of Istanbul
I113732,C215699,Male,66,Shoes,3,1800.51,Cash,17/03/2022,Mall of Istanbul
I985724,C185168,Male,66,Souvenir,3,35.19,Credit Card,21/07/2021,Metropol AVM
I317812,C174459,Male,66,Food & Beverage,2,10.46,Cash,20/05/2021,Forum Istanbul
I814011,C107690,Female,29,Cosmetics,2,81.32,Debit Card,25/03/2021,Metrocity
I129118,C590158,Female,66,Clothing,2,600.16,Credit Card,10/5/2021,Metropol AVM
I111755,C158902,Female,38,Books,3,45.45,Credit Card,27/02/2021,Metrocity
I183014,C152742,Male,69,Cosmetics,2,81.32,Cash,27/12/2022,Kanyon
I449654,C281168,Female,47,Clothing,4,1200.32,Credit Card,30/12/2022,Cevahir AVM
I254982,C295709,Male,24,Clothing,3,900.24,Debit Card,5/2/2021,Mall of Istanbul
I129473,C233469,Male,38,Clothing,5,1500.4,Cash,30/09/2022,Metropol AVM
I328897,C476908,Female,54,Shoes,5,3000.85,Debit Card,11/10/2022,Metrocity
I288881,C593547,Male,43,Food & Beverage,3,15.69,Cash,30/05/2022,Cevahir AVM
I143578,C137833,Male,63,Cosmetics,3,121.98,Credit Card,4/11/2022,Kanyon
I175213,C211136,Male,63,Food & Beverage,5,26.15,Cash,17/01/2021,Mall of Istanbul
I280969,C175389,Male,19,Food & Beverage,1,5.23,Credit Card,7/1/2022,Mall of Istanbul
I288328,C143282,Male,68,Clothing,3,900.24,Cash,8/12/2022,Metrocity
I379244,C808518,Male,44,Souvenir,4,46.92,Cash,10/12/2021,Mall of Istanbul
I320159,C236968,Female,21,Clothing,1,300.08,Debit Card,26/07/2021,Mall of Istanbul
I146277,C101271,Female,37,Food & Beverage,4,20.92,Credit Card,24/12/2021,Kanyon
I152128,C232697,Female,36,Clothing,2,600.16,Debit Card,16/04/2021,Viaport Outlet
I135860,C109314,Male,18,Food & Beverage,1,5.23,Cash,25/12/2021,Metrocity
I282493,C703854,Female,18,Technology,4,4200,Cash,12/11/2022,Mall of Istanbul
I117574,C714989,Female,22,Cosmetics,4,162.64,Cash,18/01/2023,Mall of Istanbul
I243506,C243662,Female,64,Clothing,2,600.16,Cash,1/10/2022,Metrocity
I159859,C887071,Female,55,Toys,2,71.68,Credit Card,11/5/2021,Cevahir AVM
I252707,C334657,Female,47,Clothing,4,1200.32,Debit Card,1/8/2022,Istinye Park
I226305,C715595,Female,40,Technology,5,5250,Credit Card,14/07/2021,Kanyon
I306342,C839622,Female,46,Toys,4,143.36,Credit Card,7/1/2022,Metrocity
I199638,C964477,Female,50,Clothing,2,600.16,Cash,15/02/2022,Mall of Istanbul
I332150,C492919,Female,40,Clothing,1,300.08,Debit Card,23/11/2022,Istinye Park
I316413,C228509,Female,39,Cosmetics,4,162.64,Debit Card,4/3/2023,Mall of Istanbul
I333638,C427813,Male,53,Clothing,4,1200.32,Cash,19/06/2021,Kanyon
I152555,C270426,Female,22,Clothing,2,600.16,Debit Card,7/6/2022,Mall of Istanbul
I214493,C123447,Female,21,Clothing,1,300.08,Cash,3/12/2022,Kanyon
I285630,C473376,Female,39,Cosmetics,2,81.32,Credit Card,20/07/2022,Metrocity
I121632,C131492,Female,27,Cosmetics,4,162.64,Credit Card,24/01/2021,Emaar Square Mall
I883290,C689944,Male,66,Shoes,2,1200.34,Cash,4/11/2022,Metropol AVM
I334778,C212118,Male,62,Clothing,4,1200.32,Debit Card,3/8/2021,Mall of Istanbul
I742634,C457443,Female,59,Clothing,5,1500.4,Cash,12/6/2022,Mall of Istanbul
I235266,C166237,Female,58,Food & Beverage,4,20.92,Cash,22/09/2021,Mall of Istanbul
I106805,C153338,Female,55,Cosmetics,1,40.66,Debit Card,9/4/2021,Viaport Outlet
I338456,C196916,Female,32,Clothing,4,1200.32,Credit Card,20/09/2021,Emaar Square Mall
I265471,C320246,Female,64,Souvenir,5,58.65,Credit Card,8/1/2021,Kanyon
I283929,C267224,Female,33,Souvenir,5,58.65,Debit Card,7/9/2021,Mall of Istanbul
I791888,C134585,Female,49,Clothing,4,1200.32,Cash,17/01/2022,Metropol AVM
I217085,C770317,Female,31,Food & Beverage,5,26.15,Cash,5/10/2022,Mall of Istanbul
I215844,C266219,Female,46,Cosmetics,3,121.98,Credit Card,28/01/2022,Viaport Outlet
I139350,C110913,Female,56,Food & Beverage,5,26.15,Credit Card,19/01/2023,Mall of Istanbul
I171341,C309951,Female,65,Food & Beverage,4,20.92,Credit Card,7/9/2021,Mall of Istanbul
I186624,C204401,Female,62,Clothing,4,1200.32,Debit Card,22/08/2022,Forum Istanbul
I718921,C309233,Female,24,Toys,5,179.2,Credit Card,16/11/2022,Istinye Park
I228037,C479513,Female,61,Food & Beverage,5,26.15,Cash,22/05/2021,Metropol AVM
I240540,C133615,Female,38,Clothing,4,1200.32,Cash,11/8/2021,Mall of Istanbul
I143614,C166285,Male,63,Cosmetics,3,121.98,Credit Card,29/11/2022,Metrocity
I173335,C159414,Male,22,Books,4,60.6,Cash,20/09/2022,Metropol AVM
I225550,C326380,Female,56,Toys,1,35.84,Credit Card,7/2/2021,Istinye Park
I323883,C264564,Male,35,Food & Beverage,4,20.92,Credit Card,7/5/2021,Metropol AVM
I185830,C227998,Female,67,Clothing,1,300.08,Credit Card,16/09/2022,Kanyon
I207028,C330789,Male,29,Books,4,60.6,Cash,3/10/2022,Metrocity
I334923,C255302,Female,68,Clothing,3,900.24,Cash,27/09/2021,Mall of Istanbul
I247898,C103792,Female,69,Food & Beverage,1,5.23,Credit Card,11/12/2021,Kanyon
I228331,C231610,Male,34,Toys,1,35.84,Debit Card,6/3/2023,Zorlu Center
I267968,C176886,Male,37,Technology,1,1050,Cash,24/05/2022,Metrocity
I254703,C148937,Male,69,Souvenir,1,11.73,Debit Card,4/9/2021,Kanyon
I369583,C677658,Female,29,Cosmetics,2,81.32,Cash,5/1/2022,Emaar Square Mall
I188587,C685532,Female,62,Food & Beverage,1,5.23,Cash,7/1/2023,Metrocity
I282380,C131757,Female,45,Toys,3,107.52,Debit Card,19/08/2021,Forum Istanbul
I961322,C140372,Female,60,Souvenir,1,11.73,Credit Card,29/07/2022,Metrocity
I194433,C139592,Female,69,Food & Beverage,5,26.15,Cash,22/02/2021,Viaport Outlet
I242694,C166739,Male,38,Toys,4,143.36,Credit Card,18/05/2022,Istinye Park
I228266,C977840,Female,42,Cosmetics,3,121.98,Cash,27/01/2022,Istinye Park
I164238,C139666,Female,36,Food & Beverage,5,26.15,Cash,24/11/2021,Mall of Istanbul
I123115,C244455,Female,52,Clothing,1,300.08,Cash,19/12/2022,Kanyon
I588832,C931195,Male,19,Cosmetics,1,40.66,Cash,31/10/2021,Istinye Park
I856200,C961022,Female,26,Toys,2,71.68,Cash,15/03/2021,Istinye Park
I109155,C162277,Male,43,Clothing,5,1500.4,Debit Card,14/06/2021,Istinye Park
I155163,C127140,Male,29,Toys,1,35.84,Credit Card,13/02/2021,Kanyon
I313942,C262662,Male,62,Food & Beverage,2,10.46,Cash,7/2/2021,Kanyon
I286525,C285610,Male,66,Shoes,1,600.17,Cash,25/02/2023,Kanyon
I142501,C257662,Female,19,Food & Beverage,5,26.15,Cash,4/1/2021,Kanyon
I337531,C337566,Female,59,Clothing,4,1200.32,Credit Card,3/12/2021,Mall of Istanbul
I333958,C417062,Male,41,Cosmetics,1,40.66,Credit Card,11/6/2021,Zorlu Center
I212817,C143479,Female,27,Cosmetics,4,162.64,Cash,15/02/2023,Zorlu Center
I307069,C151581,Male,20,Food & Beverage,2,10.46,Credit Card,16/12/2021,Kanyon
I212458,C136928,Female,67,Toys,5,179.2,Credit Card,5/12/2022,Viaport Outlet
I189195,C313053,Female,53,Toys,5,179.2,Cash,9/11/2021,Kanyon
I296072,C304220,Female,60,Food & Beverage,1,5.23,Cash,27/12/2022,Kanyon
I809589,C218852,Female,56,Cosmetics,1,40.66,Credit Card,12/11/2021,Kanyon
I287730,C222093,Female,18,Clothing,2,600.16,Credit Card,1/12/2022,Forum Istanbul
I106743,C250539,Female,56,Books,2,30.3,Cash,27/09/2021,Emaar Square Mall
I332874,C186289,Female,55,Books,5,75.75,Cash,13/10/2022,Kanyon
I329897,C553679,Male,48,Cosmetics,5,203.3,Cash,24/11/2022,Mall of Istanbul
I739085,C290597,Male,36,Toys,4,143.36,Cash,15/06/2021,Viaport Outlet
I162233,C273115,Female,66,Clothing,4,1200.32,Cash,19/01/2023,Emaar Square Mall
I330278,C163107,Female,64,Toys,4,143.36,Cash,21/08/2021,Kanyon
I237994,C216047,Female,39,Toys,5,179.2,Debit Card,3/3/2023,Viaport Outlet
I107841,C838428,Male,41,Clothing,4,1200.32,Cash,9/11/2021,Mall of Istanbul
I315493,C157010,Female,26,Food & Beverage,3,15.69,Cash,15/02/2023,Mall of Istanbul
I316629,C204741,Female,41,Souvenir,3,35.19,Cash,16/01/2022,Cevahir AVM
I625326,C205287,Female,23,Clothing,4,1200.32,Cash,3/3/2023,Metrocity
I302510,C312827,Female,36,Toys,3,107.52,Credit Card,30/03/2022,Mall of Istanbul
I146679,C159484,Female,59,Clothing,5,1500.4,Cash,15/02/2022,Kanyon
I770608,C196082,Female,22,Clothing,3,900.24,Cash,29/01/2021,Zorlu Center
I231311,C314164,Female,31,Clothing,5,1500.4,Credit Card,8/10/2022,Kanyon
I700372,C264624,Female,29,Shoes,2,1200.34,Credit Card,12/10/2021,Istinye Park
I800851,C626458,Female,52,Cosmetics,4,162.64,Debit Card,25/11/2022,Metrocity
I433335,C820440,Female,36,Shoes,3,1800.51,Cash,5/6/2021,Forum Istanbul
I321962,C169449,Female,54,Souvenir,2,23.46,Cash,6/4/2022,Cevahir AVM
I304934,C315575,Male,18,Food & Beverage,1,5.23,Credit Card,7/4/2021,Mall of Istanbul
I217289,C124766,Female,19,Toys,4,143.36,Credit Card,8/2/2021,Istinye Park
I132433,C326632,Male,29,Technology,1,1050,Credit Card,4/5/2021,Cevahir AVM
I286785,C487101,Female,45,Food & Beverage,3,15.69,Credit Card,25/04/2022,Metropol AVM
I200824,C129083,Male,56,Cosmetics,4,162.64,Cash,18/06/2021,Zorlu Center
I245143,C223850,Female,32,Technology,1,1050,Credit Card,13/01/2021,Istinye Park
I189686,C193297,Female,38,Shoes,4,2400.68,Cash,28/12/2022,Cevahir AVM
I199809,C607160,Female,27,Cosmetics,1,40.66,Credit Card,24/11/2021,Istinye Park
I176030,C872480,Female,64,Clothing,3,900.24,Credit Card,8/3/2021,Metropol AVM
I166362,C228894,Female,34,Clothing,2,600.16,Cash,12/10/2022,Metrocity
I236472,C105350,Male,46,Shoes,2,1200.34,Debit Card,3/10/2021,Metropol AVM
I317188,C185561,Male,47,Cosmetics,2,81.32,Debit Card,30/06/2022,Emaar Square Mall
