Books	15.15
Books	15.15
Books	15.15
Books	15.15
Books	15.15
Books	15.15
Books	15.15
Books	15.15
Books	15.15
Books	15.15
Books	30.3
Books	30.3
Books	30.3
Books	30.3
Books	30.3
Books	30.3
Books	30.3
Books	30.3
Books	30.3
Books	30.3
Books	30.3
Books	30.3
Books	30.3
Books	45.45
Books	45.45
Books	45.45
Books	45.45
Books	45.45
Books	45.45
Books	45.45
Books	45.45
Books	60.6
Books	60.6
Books	60.6
Books	60.6
Books	60.6
Books	60.6
Books	60.6
Books	60.6
Books	60.6
Books	75.75
Books	75.75
Books	75.75
Books	75.75
Books	75.75
Books	75.75
Clothing	1200.32
Clothing	1200.32
Clothing	1200.32
Clothing	1200.32
Clothing	1200.32
Clothing	1200.32
Clothing	1200.32
Clothing	1200.32
Clothing	1200.32
Clothing	1200.32
Clothing	1200.32
Clothing	1200.32
Clothing	1200.32
Clothing	1200.32
Clothing	1200.32
Clothing	1200.32
Clothing	1200.32
Clothing	1200.32
Clothing	1200.32
Clothing	1200.32
Clothing	1200.32
Clothing	1200.32
Clothing	1200.32
Clothing	1200.32
Clothing	1200.32
Clothing	1200.32
Clothing	1200.32
Clothing	1200.32
Clothing	1200.32
Clothing	1200.32
Clothing	1200.32
Clothing	1200.32
Clothing	1200.32
Clothing	1200.32
Clothing	1200.32
Clothing	1200.32
Clothing	1200.32
Clothing	1200.32
Clothing	1200.32
Clothing	1200.32
Clothing	1200.32
Clothing	1200.32
Clothing	1200.32
Clothing	1200.32
Clothing	1200.32
Clothing	1200.32
Clothing	1200.32
Clothing	1200.32
Clothing	1200.32
Clothing	1200.32
Clothing	1200.32
Clothing	1200.32
Clothing	1200.32
Clothing	1200.32
Clothing	1200.32
Clothing	1200.32
Clothing	1200.32
Clothing	1200.32
Clothing	1200.32
Clothing	1200.32
Clothing	1200.32
Clothing	1200.32
Clothing	1200.32
Clothing	1200.32
Clothing	1200.32
Clothing	1200.32
Clothing	1200.32
Clothing	1200.32
Clothing	1200.32
Clothing	1200.32
Clothing	1200.32
Clothing	1500.4
Clothing	1500.4
Clothing	1500.4
Clothing	1500.4
Clothing	1500.4
Clothing	1500.4
Clothing	1500.4
Clothing	1500.4
Clothing	1500.4
Clothing	1500.4
Clothing	1500.4
Clothing	1500.4
Clothing	1500.4
Clothing	1500.4
Clothing	1500.4
Clothing	1500.4
Clothing	1500.4
Clothing	1500.4
Clothing	1500.4
Clothing	1500.4
Clothing	1500.4
Clothing	1500.4
Clothing	1500.4
Clothing	1500.4
Clothing	1500.4
Clothing	1500.4
Clothing	1500.4
Clothing	1500.4
Clothing	1500.4
Clothing	1500.4
Clothing	1500.4
Clothing	1500.4
Clothing	1500.4
Clothing	1500.4
Clothing	1500.4
Clothing	1500.4
Clothing	1500.4
Clothing	1500.4
Clothing	1500.4
Clothing	1500.4
Clothing	1500.4
Clothing	1500.4
Clothing	1500.4
Clothing	1500.4
Clothing	1500.4
Clothing	1500.4
Clothing	1500.4
Clothing	1500.4
Clothing	1500.4
Clothing	1500.4
Clothing	1500.4
Clothing	1500.4
Clothing	1500.4
Clothing	1500.4
Clothing	1500.4
Clothing	1500.4
Clothing	1500.4
Clothing	1500.4
Clothing	1500.4
Clothing	1500.4
Clothing	1500.4
Clothing	1500.4
Clothing	1500.4
Clothing	1500.4
Clothing	1500.4
Clothing	1500.4
Clothing	1500.4
Clothing	1500.4
Clothing	1500.4
Clothing	1500.4
Clothing	1500.4
Clothing	1500.4
Clothing	300.08
Clothing	300.08
Clothing	300.08
Clothing	300.08
Clothing	300.08
Clothing	300.08
Clothing	300.08
Clothing	300.08
Clothing	300.08
Clothing	300.08
Clothing	300.08
Clothing	300.08
Clothing	300.08
Clothing	300.08
Clothing	300.08
Clothing	300.08
Clothing	300.08
Clothing	300.08
Clothing	300.08
Clothing	300.08
Clothing	300.08
Clothing	300.08
Clothing	300.08
Clothing	300.08
Clothing	300.08
Clothing	300.08
Clothing	300.08
Clothing	300.08
Clothing	300.08
Clothing	300.08
Clothing	300.08
Clothing	300.08
Clothing	300.08
Clothing	300.08
Clothing	300.08
Clothing	300.08
Clothing	300.08
Clothing	300.08
Clothing	300.08
Clothing	300.08
Clothing	300.08
Clothing	300.08
Clothing	300.08
Clothing	300.08
Clothing	300.08
Clothing	300.08
Clothing	300.08
Clothing	300.08
Clothing	300.08
Clothing	300.08
Clothing	300.08
Clothing	300.08
Clothing	300.08
Clothing	300.08
Clothing	300.08
Clothing	300.08
Clothing	300.08
Clothing	300.08
Clothing	300.08
Clothing	300.08
Clothing	300.08
Clothing	300.08
Clothing	300.08
Clothing	300.08
Clothing	300.08
Clothing	300.08
Clothing	300.08
Clothing	300.08
Clothing	300.08
Clothing	300.08
Clothing	300.08
Clothing	600.16
Clothing	600.16
Clothing	600.16
Clothing	600.16
Clothing	600.16
Clothing	600.16
Clothing	600.16
Clothing	600.16
Clothing	600.16
Clothing	600.16
Clothing	600.16
Clothing	600.16
Clothing	600.16
Clothing	600.16
Clothing	600.16
Clothing	600.16
Clothing	600.16
Clothing	600.16
Clothing	600.16
Clothing	600.16
Clothing	600.16
Clothing	600.16
Clothing	600.16
Clothing	600.16
Clothing	600.16
Clothing	600.16
Clothing	600.16
Clothing	600.16
Clothing	600.16
Clothing	600.16
Clothing	600.16
Clothing	600.16
Clothing	600.16
Clothing	600.16
Clothing	600.16
Clothing	600.16
Clothing	600.16
Clothing	600.16
Clothing	600.16
Clothing	600.16
Clothing	600.16
Clothing	600.16
Clothing	600.16
Clothing	600.16
Clothing	600.16
Clothing	600.16
Clothing	600.16
Clothing	600.16
Clothing	600.16
Clothing	600.16
Clothing	600.16
Clothing	600.16
Clothing	600.16
Clothing	600.16
Clothing	600.16
Clothing	600.16
Clothing	600.16
Clothing	600.16
Clothing	600.16
Clothing	600.16
Clothing	600.16
Clothing	600.16
Clothing	600.16
Clothing	600.16
Clothing	600.16
Clothing	600.16
Clothing	900.24
Clothing	900.24
Clothing	900.24
Clothing	900.24
Clothing	900.24
Clothing	900.24
Clothing	900.24
Clothing	900.24
Clothing	900.24
Clothing	900.24
Clothing	900.24
Clothing	900.24
Clothing	900.24
Clothing	900.24
Clothing	900.24
Clothing	900.24
Clothing	900.24
Clothing	900.24
Clothing	900.24
Clothing	900.24
Clothing	900.24
Clothing	900.24
Clothing	900.24
Clothing	900.24
Clothing	900.24
Clothing	900.24
Clothing	900.24
Clothing	900.24
Clothing	900.24
Clothing	900.24
Clothing	900.24
Clothing	900.24
Clothing	900.24
Clothing	900.24
Clothing	900.24
Clothing	900.24
Clothing	900.24
Clothing	900.24
Clothing	900.24
Clothing	900.24
Clothing	900.24
Clothing	900.24
Clothing	900.24
Clothing	900.24
Clothing	900.24
Clothing	900.24
Clothing	900.24
Clothing	900.24
Clothing	900.24
Clothing	900.24
Clothing	900.24
Clothing	900.24
Clothing	900.24
Clothing	900.24
Clothing	900.24
Clothing	900.24
Clothing	900.24
Clothing	900.24
Clothing	900.24
Clothing	900.24
Clothing	900.24
Clothing	900.24
Clothing	900.24
Clothing	900.24
Clothing	900.24
Cosmetics	121.98
Cosmetics	121.98
Cosmetics	121.98
Cosmetics	121.98
Cosmetics	121.98
Cosmetics	121.98
Cosmetics	121.98
Cosmetics	121.98
Cosmetics	121.98
Cosmetics	121.98
Cosmetics	121.98
Cosmetics	121.98
Cosmetics	121.98
Cosmetics	121.98
Cosmetics	121.98
Cosmetics	121.98
Cosmetics	121.98
Cosmetics	121.98
Cosmetics	121.98
Cosmetics	121.98
Cosmetics	121.98
Cosmetics	121.98
Cosmetics	121.98
Cosmetics	121.98
Cosmetics	121.98
Cosmetics	121.98
Cosmetics	121.98
Cosmetics	121.98
Cosmetics	121.98
Cosmetics	121.98
Cosmetics	121.98
Cosmetics	121.98
Cosmetics	121.98
Cosmetics	121.98
Cosmetics	121.98
Cosmetics	121.98
Cosmetics	121.98
Cosmetics	162.64
Cosmetics	162.64
Cosmetics	162.64
Cosmetics	162.64
Cosmetics	162.64
Cosmetics	162.64
Cosmetics	162.64
Cosmetics	162.64
Cosmetics	162.64
Cosmetics	162.64
Cosmetics	162.64
Cosmetics	162.64
Cosmetics	162.64
Cosmetics	162.64
Cosmetics	162.64
Cosmetics	162.64
Cosmetics	162.64
Cosmetics	162.64
Cosmetics	162.64
Cosmetics	162.64
Cosmetics	162.64
Cosmetics	162.64
Cosmetics	162.64
Cosmetics	162.64
Cosmetics	162.64
Cosmetics	162.64
Cosmetics	162.64
Cosmetics	162.64
Cosmetics	162.64
Cosmetics	162.64
Cosmetics	162.64
Cosmetics	162.64
Cosmetics	162.64
Cosmetics	162.64
Cosmetics	162.64
Cosmetics	162.64
Cosmetics	162.64
Cosmetics	162.64
Cosmetics	162.64
Cosmetics	162.64
Cosmetics	162.64
Cosmetics	203.3
Cosmetics	203.3
Cosmetics	203.3
Cosmetics	203.3
Cosmetics	203.3
Cosmetics	203.3
Cosmetics	203.3
Cosmetics	203.3
Cosmetics	203.3
Cosmetics	203.3
Cosmetics	203.3
Cosmetics	203.3
Cosmetics	203.3
Cosmetics	203.3
Cosmetics	203.3
Cosmetics	203.3
Cosmetics	203.3
Cosmetics	203.3
Cosmetics	203.3
Cosmetics	203.3
Cosmetics	203.3
Cosmetics	203.3
Cosmetics	203.3
Cosmetics	203.3
Cosmetics	203.3
Cosmetics	203.3
Cosmetics	203.3
Cosmetics	203.3
Cosmetics	203.3
Cosmetics	203.3
Cosmetics	40.66
Cosmetics	40.66
Cosmetics	40.66
Cosmetics	40.66
Cosmetics	40.66
Cosmetics	40.66
Cosmetics	40.66
Cosmetics	40.66
Cosmetics	40.66
Cosmetics	40.66
Cosmetics	40.66
Cosmetics	40.66
Cosmetics	40.66
Cosmetics	40.66
Cosmetics	40.66
Cosmetics	40.66
Cosmetics	40.66
Cosmetics	40.66
Cosmetics	40.66
Cosmetics	40.66
Cosmetics	40.66
Cosmetics	40.66
Cosmetics	40.66
Cosmetics	81.32
Cosmetics	81.32
Cosmetics	81.32
Cosmetics	81.32
Cosmetics	81.32
Cosmetics	81.32
Cosmetics	81.32
Cosmetics	81.32
Cosmetics	81.32
Cosmetics	81.32
Cosmetics	81.32
Cosmetics	81.32
Cosmetics	81.32
Cosmetics	81.32
Cosmetics	81.32
Cosmetics	81.32
Cosmetics	81.32
Cosmetics	81.32
Cosmetics	81.32
Cosmetics	81.32
Cosmetics	81.32
Cosmetics	81.32
Cosmetics	81.32
Cosmetics	81.32
Cosmetics	81.32
Cosmetics	81.32
Cosmetics	81.32
Cosmetics	81.32
Cosmetics	81.32
Cosmetics	81.32
Cosmetics	81.32
Cosmetics	81.32
Cosmetics	81.32
Cosmetics	81.32
Cosmetics	81.32
Food & Beverage	10.46
Food & Beverage	10.46
Food & Beverage	10.46
Food & Beverage	10.46
Food & Beverage	10.46
Food & Beverage	10.46
Food & Beverage	10.46
Food & Beverage	10.46
Food & Beverage	10.46
Food & Beverage	10.46
Food & Beverage	10.46
Food & Beverage	10.46
Food & Beverage	10.46
Food & Beverage	10.46
Food & Beverage	10.46
Food & Beverage	10.46
Food & Beverage	10.46
Food & Beverage	10.46
Food & Beverage	10.46
Food & Beverage	10.46
Food & Beverage	10.46
Food & Beverage	10.46
Food & Beverage	10.46
Food & Beverage	10.46
Food & Beverage	10.46
Food & Beverage	10.46
Food & Beverage	10.46
Food & Beverage	10.46
Food & Beverage	10.46
Food & Beverage	15.69
Food & Beverage	15.69
Food & Beverage	15.69
Food & Beverage	15.69
Food & Beverage	15.69
Food & Beverage	15.69
Food & Beverage	15.69
Food & Beverage	15.69
Food & Beverage	15.69
Food & Beverage	15.69
Food & Beverage	15.69
Food & Beverage	15.69
Food & Beverage	15.69
Food & Beverage	15.69
Food & Beverage	15.69
Food & Beverage	15.69
Food & Beverage	15.69
Food & Beverage	15.69
Food & Beverage	15.69
Food & Beverage	15.69
Food & Beverage	15.69
Food & Beverage	15.69
Food & Beverage	20.92
Food & Beverage	20.92
Food & Beverage	20.92
Food & Beverage	20.92
Food & Beverage	20.92
Food & Beverage	20.92
Food & Beverage	20.92
Food & Beverage	20.92
Food & Beverage	20.92
Food & Beverage	20.92
Food & Beverage	20.92
Food & Beverage	20.92
Food & Beverage	20.92
Food & Beverage	20.92
Food & Beverage	20.92
Food & Beverage	20.92
Food & Beverage	20.92
Food & Beverage	20.92
Food & Beverage	20.92
Food & Beverage	20.92
Food & Beverage	20.92
Food & Beverage	20.92
Food & Beverage	20.92
Food & Beverage	20.92
Food & Beverage	20.92
Food & Beverage	20.92
Food & Beverage	20.92
Food & Beverage	20.92
Food & Beverage	26.15
Food & Beverage	26.15
Food & Beverage	26.15
Food & Beverage	26.15
Food & Beverage	26.15
Food & Beverage	26.15
Food & Beverage	26.15
Food & Beverage	26.15
Food & Beverage	26.15
Food & Beverage	26.15
Food & Beverage	26.15
Food & Beverage	26.15
Food & Beverage	26.15
Food & Beverage	26.15
Food & Beverage	26.15
Food & Beverage	26.15
Food & Beverage	26.15
Food & Beverage	26.15
Food & Beverage	26.15
Food & Beverage	26.15
Food & Beverage	26.15
Food & Beverage	26.15
Food & Beverage	26.15
Food & Beverage	26.15
Food & Beverage	26.15
Food & Beverage	26.15
Food & Beverage	26.15
Food & Beverage	26.15
Food & Beverage	26.15
Food & Beverage	26.15
Food & Beverage	26.15
Food & Beverage	26.15
Food & Beverage	26.15
Food & Beverage	26.15
Food & Beverage	26.15
Food & Beverage	26.15
Food & Beverage	26.15
Food & Beverage	26.15
Food & Beverage	5.23
Food & Beverage	5.23
Food & Beverage	5.23
Food & Beverage	5.23
Food & Beverage	5.23
Food & Beverage	5.23
Food & Beverage	5.23
Food & Beverage	5.23
Food & Beverage	5.23
Food & Beverage	5.23
Food & Beverage	5.23
Food & Beverage	5.23
Food & Beverage	5.23
Food & Beverage	5.23
Food & Beverage	5.23
Food & Beverage	5.23
Food & Beverage	5.23
Food & Beverage	5.23
Food & Beverage	5.23
Food & Beverage	5.23
Food & Beverage	5.23
Food & Beverage	5.23
Food & Beverage	5.23
Food & Beverage	5.23
Food & Beverage	5.23
Food & Beverage	5.23
Food & Beverage	5.23
Food & Beverage	5.23
Food & Beverage	5.23
Shoes	1200.34
Shoes	1200.34
Shoes	1200.34
Shoes	1200.34
Shoes	1200.34
Shoes	1200.34
Shoes	1200.34
Shoes	1200.34
Shoes	1200.34
Shoes	1200.34
Shoes	1200.34
Shoes	1200.34
Shoes	1200.34
Shoes	1200.34
Shoes	1200.34
Shoes	1200.34
Shoes	1200.34
Shoes	1200.34
Shoes	1200.34
Shoes	1200.34
Shoes	1200.34
Shoes	1200.34
Shoes	1200.34
Shoes	1800.51
Shoes	1800.51
Shoes	1800.51
Shoes	1800.51
Shoes	1800.51
Shoes	1800.51
Shoes	1800.51
Shoes	1800.51
Shoes	1800.51
Shoes	1800.51
Shoes	1800.51
Shoes	1800.51
Shoes	1800.51
Shoes	1800.51
Shoes	1800.51
Shoes	1800.51
Shoes	1800.51
Shoes	1800.51
Shoes	1800.51
Shoes	1800.51
Shoes	1800.51
Shoes	1800.51
Shoes	1800.51
Shoes	1800.51
Shoes	2400.68
Shoes	2400.68
Shoes	2400.68
Shoes	2400.68
Shoes	2400.68
Shoes	2400.68
Shoes	2400.68
Shoes	2400.68
Shoes	2400.68
Shoes	2400.68
Shoes	2400.68
Shoes	2400.68
Shoes	2400.68
Shoes	2400.68
Shoes	2400.68
Shoes	2400.68
Shoes	2400.68
Shoes	2400.68
Shoes	2400.68
Shoes	2400.68
Shoes	2400.68
Shoes	2400.68
Shoes	2400.68
Shoes	3000.85
Shoes	3000.85
Shoes	3000.85
Shoes	3000.85
Shoes	3000.85
Shoes	3000.85
Shoes	3000.85
Shoes	3000.85
Shoes	3000.85
Shoes	3000.85
Shoes	3000.85
Shoes	3000.85
Shoes	3000.85
Shoes	3000.85
Shoes	3000.85
Shoes	600.17
Shoes	600.17
Shoes	600.17
Shoes	600.17
Shoes	600.17
Shoes	600.17
Shoes	600.17
Shoes	600.17
Shoes	600.17
Shoes	600.17
Shoes	600.17
Shoes	600.17
Shoes	600.17
Shoes	600.17
Shoes	600.17
Shoes	600.17
Souvenir	11.73
Souvenir	11.73
Souvenir	11.73
Souvenir	11.73
Souvenir	11.73
Souvenir	11.73
Souvenir	11.73
Souvenir	11.73
Souvenir	11.73
Souvenir	11.73
Souvenir	23.46
Souvenir	23.46
Souvenir	23.46
Souvenir	23.46
Souvenir	23.46
Souvenir	23.46
Souvenir	35.19
Souvenir	35.19
Souvenir	35.19
Souvenir	35.19
Souvenir	35.19
Souvenir	35.19
Souvenir	35.19
Souvenir	35.19
Souvenir	35.19
Souvenir	35.19
Souvenir	35.19
Souvenir	35.19
Souvenir	35.19
Souvenir	35.19
Souvenir	46.92
Souvenir	46.92
Souvenir	46.92
Souvenir	46.92
Souvenir	46.92
Souvenir	46.92
Souvenir	46.92
Souvenir	46.92
Souvenir	46.92
Souvenir	58.65
Souvenir	58.65
Souvenir	58.65
Souvenir	58.65
Souvenir	58.65
Souvenir	58.65
Souvenir	58.65
Technology	1050
Technology	1050
Technology	1050
Technology	1050
Technology	1050
Technology	1050
Technology	1050
Technology	1050
Technology	1050
Technology	1050
Technology	1050
Technology	1050
Technology	1050
Technology	1050
Technology	1050
Technology	1050
Technology	1050
Technology	2100
Technology	2100
Technology	2100
Technology	2100
Technology	2100
Technology	2100
Technology	2100
Technology	3150
Technology	3150
Technology	3150
Technology	3150
Technology	3150
Technology	3150
Technology	3150
Technology	4200
Technology	4200
Technology	4200
Technology	4200
Technology	4200
Technology	4200
Technology	4200
Technology	4200
Technology	4200
Technology	4200
Technology	5250
Technology	5250
Technology	5250
Technology	5250
Technology	5250
Technology	5250
Technology	5250
Technology	5250
Technology	5250
Technology	5250
Technology	5250
Technology	5250
Technology	5250
Toys	107.52
Toys	107.52
Toys	107.52
Toys	107.52
Toys	107.52
Toys	107.52
Toys	107.52
Toys	107.52
Toys	107.52
Toys	107.52
Toys	107.52
Toys	107.52
Toys	107.52
Toys	107.52
Toys	107.52
Toys	143.36
Toys	143.36
Toys	143.36
Toys	143.36
Toys	143.36
Toys	143.36
Toys	143.36
Toys	143.36
Toys	143.36
Toys	143.36
Toys	143.36
Toys	143.36
Toys	143.36
Toys	143.36
Toys	143.36
Toys	143.36
Toys	143.36
Toys	143.36
Toys	143.36
Toys	143.36
Toys	143.36
Toys	143.36
Toys	143.36
Toys	143.36
Toys	143.36
Toys	143.36
Toys	143.36
Toys	143.36
Toys	143.36
Toys	143.36
Toys	179.2
Toys	179.2
Toys	179.2
Toys	179.2
Toys	179.2
Toys	179.2
Toys	179.2
Toys	179.2
Toys	179.2
Toys	179.2
Toys	179.2
Toys	179.2
Toys	179.2
Toys	179.2
Toys	179.2
Toys	179.2
Toys	179.2
Toys	35.84
Toys	35.84
Toys	35.84
Toys	35.84
Toys	35.84
Toys	35.84
Toys	35.84
Toys	35.84
Toys	35.84
Toys	35.84
Toys	35.84
Toys	35.84
Toys	35.84
Toys	35.84
Toys	35.84
Toys	71.68
Toys	71.68
Toys	71.68
Toys	71.68
Toys	71.68
Toys	71.68
Toys	71.68
Toys	71.68
Toys	71.68
Toys	71.68
Toys	71.68
Toys	71.68
Toys	71.68
Toys	71.68
Toys	71.68
Toys	71.68
Toys	71.68
Toys	71.68
Toys	71.68
